user_id,token,role
k6_bidder_100_0,pts_cec481a2e1b0169fd161ada8b4dd8e06cdb4628255e02dc3ddacde854d2a57cc,user
k6_bidder_100_1,pts_18eed8e496b0d226d6ff127ac6c66d6871e8299f8ae8117c8c26a3f432b352ca,user
k6_bidder_100_2,pts_8ee30996341def354ad0e333aea00d3d0e6460bc8917a4163931e7b788e80c58,user
k6_bidder_100_3,pts_ba86215df7a283185ac2315b3e1b756eb27586ccf3b8ff61e70d233e0ab7a2c5,user
k6_bidder_100_4,pts_be5f170c04caca315bedbe75ecb0e506f1d3f9cc233dcf76207169735be30046,user
k6_bidder_100_5,pts_b2390ba7a99000827933907e62ff0a68a8e728f71cb89c3a5276de628291ad28,user
k6_bidder_100_6,pts_432261e2b690d6b4dbaeb3bd04489f85dd4572f54aa52886ddffa18978d67bea,user
k6_bidder_101_0,pts_8e8f2ae7381970e272f1e8a671a6befb9cc9ce9d775c5e5eb436f3ab9562235e,user
k6_bidder_101_1,pts_78d52c36c2a0148172ff96d287a9d8d0e0361484f19e206624d5236045fb9c89,user
k6_bidder_101_2,pts_e338cef652e29d44fb9cfb45c8f4e715b08e19d1b309b858de5b590648dc5267,user
k6_bidder_101_3,pts_53e3f284d05b0f7624f787a97895e9e240941e0448715b37ecd0a0fbbd124a2b,user
k6_bidder_101_4,pts_b7e5efc640b0887b5270064bb40f7054f38da6de23b8aac372bff4a987f79ba7,user
k6_bidder_101_5,pts_33a29b6c67e6d8943a1caa82600bc851615a549f39484c0c230ce6ada4a1309f,user
k6_bidder_101_6,pts_b476f1b0acca62e2f511b67e2124b5b20e50ca2702e809256b80383ee8685359,user
k6_bidder_102_0,pts_cc31211fda41a2ec30c9ed0f9543caa1271316d0a6ee33525d7544867aa79772,user
k6_bidder_102_1,pts_cc25b7560c8c691c6161c1516583556e7a9ed6f4d82ac0d63a7ac9c93d77ea2c,user
k6_bidder_102_2,pts_916dfc7879e81571836804060f0bd852669d37d558c5dc83b748847a65887c98,user
k6_bidder_102_3,pts_fadd4e6e38316cbf9a50754dbf1f22ef9cd1096e479206e1f4be6b7ca20e405e,user
k6_bidder_102_4,pts_d25f32f8f16e380e0138b400fa6911aa2bd6db54258343d659bc50789a9e3c69,user
k6_bidder_102_5,pts_84a547edfce18d712ee637c6b1e77e30c16569cb0ea3262924993f954ddc08b3,user
k6_bidder_102_6,pts_75a7972f0ba20c5a8b1ab2a87a72e94ded4072330db17f3bdf0d54b7a6cde37e,user
k6_bidder_103_0,pts_74151b6b4b67448217295b2ebbccd095d30def714a2db74671afc2cba7f22140,user
k6_bidder_103_1,pts_9a639b4a5b694ed07a99e6452f4fea1fe0e02d5ed88539c84d0851f56dda5e68,user
k6_bidder_103_2,pts_bbb48c97d2185417bedcf78dd021ff80c67dd4a70e2e7dad5b3eb24efd8526dc,user
k6_bidder_103_3,pts_db69593695821fa9989ba71e7ab559a0d02d6980373f4953ab026b7b6213f740,user
k6_bidder_103_4,pts_d3ba149214a8539914a6cf28a67f7764692bd3a957d28586bf59b658823a018c,user
k6_bidder_103_5,pts_1b051e764584099868f1938c3030be8dd3e3ccccbc31beb657a2f1ac6f0552cc,user
k6_bidder_103_6,pts_318a1e223551eb76a5f56f25c8762f7ab863a238644080a6c13ee6a11170612f,user
k6_bidder_104_0,pts_a2acb14c00cde3120070d06d4e2652ea9c06c2546f5a80e3c0f7868ca14d08c6,user
k6_bidder_104_1,pts_8475f082433ed356a4a71f5f435fe8d4d3a2f2341209bc52e41629293cdc032b,user
k6_bidder_104_2,pts_0a06dcffc6a65b292c1b0a54271d7a3feaff1bd99ba46bf375ed9668cf4e628a,user
k6_bidder_104_3,pts_6ac34cbd198fa999ae1746b68125e7ec56fce59ce79d5802cba8e244303c8a1b,user
k6_bidder_104_4,pts_85f2bb55cce3a60fffb4793f5df705c0b5e46500f0189e8b57301d6ffe414dfb,user
k6_bidder_104_5,pts_a5a7a1233df126a8fab49aee704dc59c3e3cf1217447bdb77e7831da8267d14d,user
k6_bidder_104_6,pts_bd51e0f4c2a6f040e36e207b16a7eb573ab8616baded1fb857799e97c6210d5f,user
k6_bidder_105_0,pts_dc1fbbc0b8d724cc04faddfcc93b7106eef49d66043aea5fd2931ff7ce317d71,user
k6_bidder_105_1,pts_f0675318ea67e4bdd85a7cb69eb6fe90755c41907aba444698c79d96a4995716,user
k6_bidder_105_2,pts_26da3256f7dfec1d18abe675269e705782cf5e256b0860e9357027664aa6444b,user
k6_bidder_105_3,pts_f1284f9b865018207a18c6838d94383f2b2bebcc64a729e8273f5422a9edbdcd,user
k6_bidder_105_4,pts_00bb24c4ecaad6d28a7823b2b887fe91f6b3898a1a2c6313338503f7bc066b40,user
k6_bidder_105_5,pts_4a0dada80649281fb643f095c6a239a5d18c42b4d9985215727b2991e4222a37,user
k6_bidder_105_6,pts_4116696971522c82597bc0b4b39de43ad192c5173d541e4664a27abf09d25f0d,user
k6_bidder_106_0,pts_6c227ab243fcf17c740c0bc12facf0e4695a4ac3893637e31c85f82c83a3464f,user
k6_bidder_106_1,pts_0941edd5a9deb046e5c86b23b3a49ae378904d012326ba28cad9535df7d02a65,user
k6_bidder_106_2,pts_afa82ddb03f9eb16ec2452758100124d84106ebff5fefe5af2d8d76a2c749add,user
k6_bidder_106_3,pts_dc45be850199d133c4419929996dfa18488be324e2388456cfdf4ecbb6360446,user
k6_bidder_106_4,pts_7f0bbc57e774732097cc77fe8f910ea23a2fb92dd1bd48ac25f4ea595e5d5678,user
k6_bidder_106_5,pts_351d5e46a9772937cf3bfd9e09f645e764f719cbaf598debd51890e130032fdb,user
k6_bidder_106_6,pts_6a9df426e08b68899606f5a052459b247882c3fc514b5a8f70395412ccab0704,user
k6_bidder_107_0,pts_1f6f6fab93ca470af7f40d9b094491b3169d1a269f94611d4bfb5baba19d1c74,user
k6_bidder_107_1,pts_8bda7bfdaaf66b24e7242b6da5cb83e31ebb6f58c28dcc9b30f1ae7553c7e771,user
k6_bidder_107_2,pts_c7a37b0c104bcd79a1d040ce10c9f420f97fde1c7622ce16d8debcce789a805b,user
k6_bidder_107_3,pts_97ea6ab50b4e1a51a9e98adeb672b3c9391c338d2714c5882402567d1daf816a,user
k6_bidder_107_4,pts_c8eaedde7817f208f6cc55ec185d01146a38f1d45d8f194df4e8b25f75a26a6a,user
k6_bidder_107_5,pts_a4225530d21c64fdc99f52cad5c35fef74a9562ea4d2029ee5837e8910b9a206,user
k6_bidder_107_6,pts_b230d484d3a9b0a86133be9977d754cea3c1aa7937d6eb41d43c0ee6c1528fb4,user
k6_bidder_108_0,pts_da75a2ecf31c9d2bfa1d48dbd869cbffee99ca61dbaad32956fb7e69db4fadd0,user
k6_bidder_108_1,pts_0d75e46f84390f72dbf6543e593cc2d97fd31d12fe318641b73b201429a0b4ef,user
k6_bidder_108_2,pts_a6e0d73a6c371266d79a0607689624dc8b6893543704c178487fe8888140d1c5,user
k6_bidder_108_3,pts_ae322933f4e099aaabd8a46ae99646d844a1ea6fcec005765c0e528d71860dcb,user
k6_bidder_108_4,pts_15669fe747831770d2cb816f9c060c5bd99d1528f6a552598c5a64f793d52ea8,user
k6_bidder_108_5,pts_4c986ff38173fbbdd8edc3d8a85ca2481bb923bb88829f8e7d7d79811e56a83a,user
k6_bidder_108_6,pts_f1c43df2b0f02ad4c77ea8126e5d7acd98ccf009687d4016a12fdc7c53da581f,user
k6_bidder_109_0,pts_885d60b6871f2f493cbd096b535a2658700c9ecc510bca57bc6c70d8c0242fe3,user
k6_bidder_109_1,pts_3ec56b72f74fb4b3302f36dcc9bb243e1a96592325f9d7006490c05a3cadb0fd,user
k6_bidder_109_2,pts_8a629c61cbbfe84974497e50de4cba7ceedc4b68790a575d8a18951da4d9a249,user
k6_bidder_109_3,pts_e80fe5162747ef8dd339b161af9a7a27229c1795bc32501062f8bd7c63cb9d47,user
k6_bidder_109_4,pts_f4492a3a35e343f9f2f5460a6f84aef0b02bf647d48d2391615f5c8dbb1d290b,user
k6_bidder_109_5,pts_f1fef0fadfa49db5407c3461fb7aac1d8321ebd7df2c2555eeb54344867b78da,user
k6_bidder_109_6,pts_0fa710f53c77fb28cd3ba5e01ca11241cde9f0e7c529318a653e187af456cccb,user
k6_bidder_10_0,pts_6b151d2709402c6799c34a51907868d323ceb423d850e4f4e9caa13cc52af048,user
k6_bidder_10_1,pts_109523733259cd8771b8c64415537eb12d63699ccc91375dd4a9aba86a275f02,user
k6_bidder_10_2,pts_ca4c1cf6727d5046dc586e7fb2572512f511f38384cf3c9f1e7070b444a27cf5,user
k6_bidder_10_3,pts_95c63271ad53baaebf0f0ad884dcbed1950d8bab5332cdd50e3cd8d4f99735a1,user
k6_bidder_10_4,pts_705c44c6788dc1776c41e82008148ebc85c530848ce47a3b8c8602474b35f368,user
k6_bidder_10_5,pts_64528178463cf6ae08b841da8499c29f9dd751da1a26d631ff8be053107c97ed,user
k6_bidder_10_6,pts_a63e4ba0162def4ba00709660c3bcd080a6e92d4e997a74e16a8d7dc7f24c801,user
k6_bidder_110_0,pts_91956563792e71a3ebb0b94ad3182a37ed7a7becea6e74a3b986be0d9ba0f192,user
k6_bidder_110_1,pts_516bdde590344542584599d5270199116f5a2650d021ceba0cc2dd0869825945,user
k6_bidder_110_2,pts_f090ec6e2634ce4687fea269728f439a81ca2409af92bbfad26711082fb654f0,user
k6_bidder_110_3,pts_fb13fdcb70239935a1f64789e56fb9b76eb361e685211487cee42c1d963dfb65,user
k6_bidder_110_4,pts_4f0bcf227ad05e7ead2c798cc8aea7c5d5f783c1cb9b93c0eaf72606a2ee07d5,user
k6_bidder_110_5,pts_393e870462ef890f421140298f7da6335cba7768bbb69ea9847c26ae7c8732b1,user
k6_bidder_110_6,pts_4b10b6df422b878a23a2599631159ed37a0fdf2a4198d277306c4b1f1f7b9f09,user
k6_bidder_111_0,pts_bbb065389c4721274e69bc80a466dc59b6518ee116e6f5ece890d386b75bcb58,user
k6_bidder_111_1,pts_ce457031a1b013ff4eced631c185993490a02afd8729dbb1760cab0678157eca,user
k6_bidder_111_2,pts_404e4685477f0ec49505d97f87b499654b4426f357d94b10255f3c023dd90129,user
k6_bidder_111_3,pts_08893895d883d28b3115efa37ba2c57c24a8294d2d2d912a56d8d1f966908bb4,user
k6_bidder_111_4,pts_1e4b055923927fdfc3e310522656b5ffd807279fc0d59c05aa74d863dcd882cf,user
k6_bidder_111_5,pts_bb9d95766a184b515845b67b7df80705f82d93768228a5fa243300b4ec3273b8,user
k6_bidder_111_6,pts_c0b78576a3c6634fc94f12fd8160e2328bd6d4e9cc1a394779ec525f0de7cde1,user
k6_bidder_112_0,pts_b9ee9a9c2550f2cc614fd3f61a9e287f56c3f134752a9766b5c88d96cdcde79f,user
k6_bidder_112_1,pts_4dac5aff37f40abc89209b1073682bbf1ad7339274d434e6fae94710b5d24f7a,user
k6_bidder_112_2,pts_196f8bd0b25328213683c0094f5266aa39ecb302ad7abc7feb163b95df25cfd4,user
k6_bidder_112_3,pts_430f3aa02af27671fbc8f39259503833746472ece0a3f88ab4155422e7070520,user
k6_bidder_112_4,pts_e56fcea330c92c0deceeba86f45d18066a7fa9bc6d99e5b08d347e05bb887284,user
k6_bidder_112_5,pts_51601f010f3e5b34046ced0f4de9587056102246c6bfac0fb24fb236fd721ffd,user
k6_bidder_112_6,pts_0ed56d8c9ef53f0c8a18c92452febcacf61cc293c04c03c2b0db7294e5973ba5,user
k6_bidder_113_0,pts_aaee32ab5c47d17549160049c6c52a0930b7ba580a8ec80004a28213010f4f92,user
k6_bidder_113_1,pts_ce935d219e1f1b9b84ea7ddf038572303087df4c9d5a55b8cee5957893e1764d,user
k6_bidder_113_2,pts_ed116a991bf3f758b5874790babd57fe1ff0905ba9316e917309536923fcb2c2,user
k6_bidder_113_3,pts_6f965d9368d849d8480cec7fdaa073b8bab1a28831f50c0f530b0257b53d9d46,user
k6_bidder_113_4,pts_1821c6628d67a64e67c1fc4f982bafecb61592058b3841b20acee327a39d11d6,user
k6_bidder_113_5,pts_526f61708b7d7578c6baf7beabe33ab40995a0061ee0be12a3ab3b729c7e103c,user
k6_bidder_113_6,pts_ea474032f432a36e69af3d830f4dcb7b6642a512e133f40c7c43e19bc005f780,user
k6_bidder_114_0,pts_df35a35d45b9ef2094a5c18449b308f05b40af0a0ccf99ad0a22516d9720232b,user
k6_bidder_114_1,pts_c0c1be105fff852313a5368581ffc916073a91d98f4b4b959db8b42d139af5f2,user
k6_bidder_114_2,pts_7d1cca566ed16d138dfa0d436b276dbf8762dbc4d6038e86498cc0b7a2a7629f,user
k6_bidder_114_3,pts_4868bbb7b1909619605a979880602fb7c2ea5659796be659c56f4d5d25b563da,user
k6_bidder_114_4,pts_9e72f206435e7ec547599d659b495c65efb891493a38c2d24dbb7f78963483bc,user
k6_bidder_114_5,pts_7adf0f7ab8c800113ba3fa431750e2061f08c1d879628bd9e24717475708fb1b,user
k6_bidder_114_6,pts_ee16fadc3986c2fb808c00a31932544dd97dfbd7d5d9a10249dfcfe8d56af0af,user
k6_bidder_115_0,pts_4b2e071f7cfaad52dc82c25ebce0c333bacb738ecaf00176e43990420f890655,user
k6_bidder_115_1,pts_46b2374e18462231b83a07f8f15d630ac2601c546994a9104f54d2218d9436a8,user
k6_bidder_115_2,pts_d18b3c793103ad691843fe816679f736247e7394d5e5f9db1ef4dd43639b7e58,user
k6_bidder_115_3,pts_7321c21bc3334160462c9d841e48794f92578f761e50717d580167904fd66f83,user
k6_bidder_115_4,pts_ac95814e4dea89831856e6b1194b12d0bcebaa1c84ed29347d8e98b68fa2ffa7,user
k6_bidder_115_5,pts_98921fec6fdd4320e32440ce4a5c1dd45dd9bad7cf9488a922ba2cf8e07288b3,user
k6_bidder_115_6,pts_6ec0df4d4cea96f856732d83dc38e42c841b6987e64da7a2fe9b68e8c7a314a4,user
k6_bidder_116_0,pts_18a913c4805cd3aa7b49e277f5ff7c178f1b9e0f48142d1cd4b14b87a0e299e4,user
k6_bidder_116_1,pts_a2db50b47575d231985e02b2b57cfe4ec8bee71f52ff1de7f29ecd17f5c5c7b8,user
k6_bidder_116_2,pts_6c3747bf7d9575c246cc24bcc34df629add9de88d6559ca7c2c0b4c12c96d5c1,user
k6_bidder_116_3,pts_42c99dd95da599eea130cde86fcbf8d0ff622f4786e80cef679f4ee8b2fce8e5,user
k6_bidder_116_4,pts_09f8b14619e7cef75242bcda97030829bd2e6d140e6d20bc18eee403ce7d1d37,user
k6_bidder_116_5,pts_ad030df15092c3607250ca1e3edf9878bff06505304909cefffbd1b0c57a08ed,user
k6_bidder_116_6,pts_2a2064cda599158b0637e59b8e4f1e7dcc3ac7ffc33407f1859c1af78f869892,user
k6_bidder_117_0,pts_04c8141c6df7cb0c7da937dec0dfff1fd007a410ff3c4c3db7495a959bbbde61,user
k6_bidder_117_1,pts_a8bf4f5628d21ff793d49f2dda36adb586725fd0d1120cfb8d53df2cecff86dd,user
k6_bidder_117_2,pts_9a38ec6337dbb3cb669f159caf8c839844085e977972419bfafe6e9c615b463f,user
k6_bidder_117_3,pts_a2d16eb27aa343a0c9230b30cc6653fea3d9df8ea9ed09b814c8cb2ae547f1e5,user
k6_bidder_117_4,pts_c402549ea4b47820dfc70ab67ec3a76b55d6673f0298ce2a6e6af8c7ebdfcef5,user
k6_bidder_117_5,pts_8acefb478b2392065f3f1c3ab1193af954d5477ab80ac95385e5d01bda70fa4f,user
k6_bidder_117_6,pts_9f6b31c8fd04453142098959dc6247591dea91f64363d0a3e7650c41b3654eb8,user
k6_bidder_118_0,pts_8e40318c791bc80d4b73150b0b594ed1cd92f0058e1c67969382bbe6fe87ed3e,user
k6_bidder_118_1,pts_d4dda7cb4b7be74ce68cfa0a6b7550f0e2f40c73804d48de96f6b4720f14a452,user
k6_bidder_118_2,pts_17377fab242f1ec80f0722885ea0bcb4d9c741dd692b82c08cea156595f9d827,user
k6_bidder_118_3,pts_82e593d427484b7b83440f8dcc19a0a0fc9fb3b08280f20ce41586b4ebddf7cd,user
k6_bidder_118_4,pts_568b4b8dd6492c63cb8fd463329e1bb5362cbad039d9470931d018f5f423f015,user
k6_bidder_118_5,pts_2c5eb989b984128ab06ffa6f6873e6ebf077bad7eb5855b649f55631554cb496,user
k6_bidder_118_6,pts_d95d123fbcbef44406f337f185452399739926077d09c3472970d4750243fe63,user
k6_bidder_119_0,pts_109fbf95b97799c77808d2b1bf05860cf4e00c1b9ee1f7b3a295e3c450d7c52c,user
k6_bidder_119_1,pts_e75733c2589ade039dabcd4d3479ab5e71fec348808574f5979adcb099c3c0bf,user
k6_bidder_119_2,pts_c3e012c9787dfdf7b5853e820bde48f561a8938ef5aa484638b395635a73a07b,user
k6_bidder_119_3,pts_f50e14f951eb799ebf53073baa7d25fe5e7087d328c4e801d8476151d2756021,user
k6_bidder_119_4,pts_3d029fc9f3c525af8a7019726fd2fc8bdde62b259e7a432cb976bcf3b3ac9574,user
k6_bidder_119_5,pts_6ccbb2ceb7dadbf9a333f7f59f3fee31cf10be1bdb65f14830432fe6f2acdb44,user
k6_bidder_119_6,pts_32dfa94c8cb9609397f88976f01ad905094fac075b32bdca7b03aabd14d0be8d,user
k6_bidder_11_0,pts_9c3e11a48918329b910ea51ad5166cd90947f079bad50a73acefb93034ea7805,user
k6_bidder_11_1,pts_a59e2e00d2a397926269a1a12abf652560e97833ab7b34ea8c6a548eb1611e83,user
k6_bidder_11_2,pts_7e3f022d35d045e22fc526867ba10b41e9e406190898279e6425a2579e081e94,user
k6_bidder_11_3,pts_5bfae8228b92db98ee6b66850bcadfe0b9979dd4904a8e12e9f7c30a8a3187fd,user
k6_bidder_11_4,pts_8e478d986a669f3cf0fad94dcc2a3c7bf2122f48f33ce26bfd57c70a26fc8450,user
k6_bidder_11_5,pts_34adebe4767c200d0826831051513e73f3cddd17a4df510d398b8b8e86da506d,user
k6_bidder_11_6,pts_51082e1026d361176f56a49f7a4bbd3f13c5f2456cc8befbafdab2dd37f2274e,user
k6_bidder_120_0,pts_dd01747b3725dcc63c97bc0680a1af6d38104ff8f795869159270b4fae940437,user
k6_bidder_120_1,pts_489a7a448a5999e53b8ca8885c4bb9914ca79868bd46672dc768f2cd21c2f831,user
k6_bidder_120_2,pts_dea7a7b3dfb89eb63156d13f41b7541484f4ed7feea10a5f8052d356917822f2,user
k6_bidder_120_3,pts_f5ea7588bc68c500746e14b51498e57f4c7e47807bead36654bea96c63b6fbbc,user
k6_bidder_120_4,pts_d12785541c31f823224af5d48f8254621864a0aedd70328a1b93c062bb2eb79b,user
k6_bidder_120_5,pts_38a1ed711b6addc9cb7dec1de5e7247ef8d612b72240781f43fa6959fbeda271,user
k6_bidder_120_6,pts_5b311232b439f8e01b1b209400b6f688618f8d1e27240280d53b3c5ac23a19bd,user
k6_bidder_121_0,pts_9a4d61117beee144232ed46aa5c79dd4746a8573bedc5ee1d130603a7ff04b71,user
k6_bidder_121_1,pts_461a962806251ba08f399b09a19cec72a20b4a560288f576e29b6cd53b5059d9,user
k6_bidder_121_2,pts_0c83453ca33327701fe78b62f69adf4321ef89df525750e8e56db6a9867b09b5,user
k6_bidder_121_3,pts_c7e211427db32a1f4a3dcafd37418001f7d7c51e967861802ff32d34fee85632,user
k6_bidder_121_4,pts_63fe5c35be9e91d9c8c28c5f5f86c0ca36076a7ac932850b27830e8f46714656,user
k6_bidder_121_5,pts_f8bffb83c39f0bea73c3fbff689f50545453481f7c7c43273880cd9d3b86f0d5,user
k6_bidder_121_6,pts_28a1be125b4a8a8b8559beb30f0c98c21fb7559edd970851c25e1714d2c05d3b,user
k6_bidder_122_0,pts_e7747e4174cb7bfd1cbef443b78176a7b6a39a3238be4c839fe9adebb185bc0f,user
k6_bidder_122_1,pts_92b43af2420fcd2ca3912054573a5b393806189e56d32215ba68ceb003e0a9ec,user
k6_bidder_122_2,pts_cf15b52ddf2df60ccb04c76371620a559a9faefa426bc9c69cc69636b9846dd8,user
k6_bidder_122_3,pts_4ab47859a2a3e887b14b1e9d65760f953b26cb768bfa086faa4ae71dadf4f543,user
k6_bidder_122_4,pts_3287c4d643c0e136361e37691347ecf89d19788a5f5577fc672a9ce2cea871ca,user
k6_bidder_122_5,pts_836c47e63a2314e1692989f05adbc8b6ada56f2fcec96f8fe99ea6f70a82659a,user
k6_bidder_122_6,pts_2ecc88c2d2273ab71f1d137dfdc8bab4da4eee4b71b67f1d6e6a4513bdd66872,user
k6_bidder_123_0,pts_0987f100f097eb0931fd710cffa473cdca3f84d1f0bc28fe72c3315cf98efa69,user
k6_bidder_123_1,pts_cf9905d1a367592b55e1c99eaa2a2eb0a195b3d0a83e2c0b4a75a4b048763aa6,user
k6_bidder_123_2,pts_205f2a4f9c88698e8835e36c2b58847b63c5e310b025a75c711977251d1eed0a,user
k6_bidder_123_3,pts_7680d6cf3b8987071f20e2aad77b96183acd158a9150523946925580dd171bd5,user
k6_bidder_123_4,pts_4ef4cc7fcfe4958cb76db08f0c18b26179f6f7ecc728af46964f8ed83dd8e2f8,user
k6_bidder_123_5,pts_43a934a4a02578a506421d8e883a437c5710cb1adda32277dc6758dbbddbc231,user
k6_bidder_123_6,pts_99068400e04d522caec671a35e640085e5ac520947feb0ac0d80a4115c96b08d,user
k6_bidder_124_0,pts_02114ac02f43073fa0353db712866683ff351b80586066b344551114bb546033,user
k6_bidder_124_1,pts_1359e85da5868ba1eb13362fff363317a05f0ba0114c61214b5a6d6140ef1663,user
k6_bidder_124_2,pts_c2bbb50f6be01e10637572eadc33b1e14ee2c5eff7b1f9e77ffc48dbc1bd4f49,user
k6_bidder_124_3,pts_0aa2f9314a33e485e4146ba83c5d647ca40c4ce2155fb663b683271b0ea27916,user
k6_bidder_124_4,pts_b6eb4b5db623e594388661c9f21b51dfea72ab30877f9033a0924d1f2bb399f4,user
k6_bidder_124_5,pts_f85ce5790e5eb01c9288fe10c267a25ba6fa7cc3c7d7e6bedf9d3ac9161e0d86,user
k6_bidder_124_6,pts_551cda3d790b8589450796ce6b0dceabf61e6ce9387a003bd106894bd8a31e47,user
k6_bidder_125_0,pts_547f05278f796f0777e7766834c43a95e988f09ff5e9b26e7129f4f2bc5675eb,user
k6_bidder_125_1,pts_acd97356b87067d81a9afb83ae4338ecf43cc1edc511c88a62ac6cd4f49913b9,user
k6_bidder_125_2,pts_9d539b2f1be8099a85cff1b68c8ba6dbbff83d1f496cd9fdd30746777a78cdcf,user
k6_bidder_125_3,pts_264a0afd3965bb2cadb7e097d05c55d285d35be69d8d4edd79447b685aaaa969,user
k6_bidder_125_4,pts_cc1f62e1da7ab962c9e20395d4d8604dae5eb6b9375a4bae6d0ce83dfa41ce79,user
k6_bidder_125_5,pts_4ad5dcf32527081209393100c0a091fc9659a36bda22384fa9a54859a919781a,user
k6_bidder_125_6,pts_7d2f4b20f930e23cc4778e15797d35f1f7984fcf5843658920d605ee614a410d,user
k6_bidder_126_0,pts_04662976e59e7f774c0c3b59008a7a7e376b184f52f46dfb26de99282f621b91,user
k6_bidder_126_1,pts_5af8d21894b7240a0fd80186c4b100b2de063e8689c6edd7d048318ad2aeb5fb,user
k6_bidder_126_2,pts_6c22d40e67cda5d8318750c2daf8052b7dfa15e02bef3aaa330d5a51776bfbb0,user
k6_bidder_126_3,pts_68bcbf6d786e10279e5ae01ba8f91a921dc4e51c4233195261b8149e195cb1ff,user
k6_bidder_126_4,pts_78cdb2c4e7645b208de8f82ff205bf3888c6364512ffbbb3819f41b0c06a186d,user
k6_bidder_126_5,pts_84e18491362e7f0f8febb1cb51b838b195bd6ae0f67ba5179acbe7b332e16668,user
k6_bidder_126_6,pts_b14d11fca96eb5a9da0a9b8cc7e422c81081e121b205ec3f66ca0028f6909c9f,user
k6_bidder_127_0,pts_792ba33bc80b024cedf63a8bc53d7f3bfe094858a2d6f1296d7e8d66b52a0fad,user
k6_bidder_127_1,pts_8771eb4e2c7c244b0c753384a2cb22a3ab0b35baf74ebc5a874e626754471143,user
k6_bidder_127_2,pts_938ea3ac2f1eef414ac7472fe713a02cd8b2ad79c85be00fd2befd006da70bcf,user
k6_bidder_127_3,pts_0a65e3e919ff302a32fc990b965d83a4b5b24272fa2d98d87c2250ddaafb7350,user
k6_bidder_127_4,pts_0a778829f8d5016a3cafb9d6e597a5c41968db72f69f40f543795b1ca29a985c,user
k6_bidder_127_5,pts_e0857ca6e3debcaa1016336d759eba3d5bd2b6e93e7b9166deca103f9ebeb0ad,user
k6_bidder_127_6,pts_ad348766b37549fde431181b32ec23401db28c9fdf253ecb124aad98304f49d4,user
k6_bidder_128_0,pts_a0584726ce2b95b13a27579b623f0165c603535941df87766b9b536e16353407,user
k6_bidder_128_1,pts_f9732ba75b1caf6e054dc663f78fae07012cb26eeeae23c5f36ebfc32f629816,user
k6_bidder_128_2,pts_03e9ba991ab4e8cb0ffa31e69db4dd5ea585665bb66605b1f3e55433f2fada1d,user
k6_bidder_128_3,pts_e2f37e89c4a2dcb253fe855507a8631684a8fd59d1c100ccf34b2060b81f7669,user
k6_bidder_128_4,pts_c0a9fd4dd486399121eb57cc2b1dfa96aad1207def476533e15d0c5a671928d5,user
k6_bidder_128_5,pts_19da5580d0cd1071a4e45379dfe112a2bec3b0176a707d7fde3a187b9e4aa4ad,user
k6_bidder_128_6,pts_dcfbe56e325db6bac8d55a7b87c840e1abd821fa639e982c71c0c83757199546,user
k6_bidder_129_0,pts_58d2ee6a79030be4f7dbd445df5da8457938bcaa401352b0caac8eb63287fee2,user
k6_bidder_129_1,pts_4f019214ad9aca4e826fc17d352f657e28fe3bc2c202fede283386a9332a5f08,user
k6_bidder_129_2,pts_914c837aa48a8cbe3badf11bcdc4bb5745f3dba5b5a85be3d1a7faf84e733f74,user
k6_bidder_129_3,pts_60cae136361136afaddb01aac6d529872fc8d49d13693f7d59564e37c50b4f71,user
k6_bidder_129_4,pts_c094c4e1730721649a258cd3e5d3c54755a766260f18bda79a8a42e6f3548614,user
k6_bidder_129_5,pts_e08b6aec2f9e33d6f84f5ad6c6417a09bcc6c83238e9edd6f86580a9f0c3634d,user
k6_bidder_129_6,pts_d85b3abdf7f7ee91587cfe8ef0316259f10db749ffe30142a86faff2f49ec180,user
k6_bidder_12_0,pts_dee5e6e601ca36c4b09be6232c22ed5dbfd54db68de088a21570fd012e4054be,user
k6_bidder_12_1,pts_91e77c7bb9089fe43c41900d6d5cdcb7e1b879b0f5eeb58754224bdfeba1e065,user
k6_bidder_12_2,pts_66af2e533a7d0e0b4c67c1dd2cf70d938d99fb2f8abf08fd366fe539cd03bf50,user
k6_bidder_12_3,pts_157f2937834f147fbb3f26fca9d1bcfba260b348b2d111ed2f6290ea93e42e87,user
k6_bidder_12_4,pts_b300500b24823634a7333d383d82af4e6f479bc278763462fabcc0b58d07531d,user
k6_bidder_12_5,pts_7fd85fe04f7a15f0dbff3174073084516d848f6c43fe44c9b8b2fc615de5789a,user
k6_bidder_12_6,pts_300d3d7172598f0dc04fb59a19a48594d5d2dc35251049fa49e580d7f3c5959e,user
k6_bidder_130_0,pts_c65508a4301b93cffdf091e4b04b90abf3c33a7dcc712d7e813077e00db868af,user
k6_bidder_130_1,pts_1266b0bd795fa824d85d958e9fc6d12cf48cd7e9af53ae4b0a47bfb1b610c790,user
k6_bidder_130_2,pts_3223976e598bcb9d9f1c600ceb31c4171119975b64b6b29b8b8f87555a0176f8,user
k6_bidder_130_3,pts_ada34e78f70d96cde57021dea34a976fa760b3ce36c62ec046b5a6acc791e829,user
k6_bidder_130_4,pts_8a627c7e1b804a703e4ac76f2de3282600b7be1114e932fa269a2bd060ebd3ac,user
k6_bidder_130_5,pts_9e50ed8b30d172b05dbbab188513faf8522504412fe1948c899f6a29882de428,user
k6_bidder_130_6,pts_31a5609b081ec9ea489c2c0b38dbfc0e66826f7db3a58e868153ba3437d15ca9,user
k6_bidder_131_0,pts_313864e1504c7087cb297bb9253715812e2b57bd66a4941451337b5de4a6e629,user
k6_bidder_131_1,pts_8bb13b06c38965aaf9725e0b6f750c5795af2e925deca0399ed183a43869954b,user
k6_bidder_131_2,pts_9f997c6d2450c839f5ec1a829213fcf38028651567ad01d9cad33c46ca9a61a3,user
k6_bidder_131_3,pts_2bf3806239bf377bed6eb4a4804e7a77ea57ba3f22c08e97f90d431c996049b8,user
k6_bidder_131_4,pts_2800a5af5ea3e0746593008bd3b530604d240e3280b55a2beeed775457247d82,user
k6_bidder_131_5,pts_b5e7ecd98645ef427859bcce7e865ab5b1904dd025d969dedb86e7101c33f08f,user
k6_bidder_131_6,pts_1a332cf9bdb580ea53652629d8bc014aa1281e7b3d167c8f7f484cd48f862875,user
k6_bidder_132_0,pts_44f89cb07bce24941227a1ef03e2cbc58f73504a28f738c4748953667152a844,user
k6_bidder_132_1,pts_4be7042b51ebb9b07fa716c25c18bf08c50064fa55b53589e02ccc00e53e9a20,user
k6_bidder_132_2,pts_72a02571b46ac5688f63c71bb4eb561a176d6ca17ebf8808172665fd925ebb4e,user
k6_bidder_132_3,pts_c3c3ccc757d0e8565a0aa4a4e856cd0eecd27c373a06fe47c6fa67f352ace6d3,user
k6_bidder_132_4,pts_00520b6d96df10e0fbe5a93ded5c17b6c9ad6b491359ef42e9ccc13caf157b41,user
k6_bidder_132_5,pts_1ae01aef77a557d9ee90609ad4b74c77ddde20c156f881af8c5dd3633198f145,user
k6_bidder_132_6,pts_068ee770c137757721402237d34fd9464e4617d4b80bcfd2dd6bf2c191c30e19,user
k6_bidder_133_0,pts_871f8804e32eb232da855e764d6077348473f5e65a64e604baa93a6cc69c1425,user
k6_bidder_133_1,pts_e38b1173e18f36dcd19dce7c41b6bd185fbefbc7c7dae3a0ba167cd76d873dc5,user
k6_bidder_133_2,pts_88053d7c17e1935fce466aed5d892bc77caba4cf95abede8265055c6cd71dc27,user
k6_bidder_133_3,pts_d815ca01b7659becc67b9b6683a6b53d250b316bc5cf4e1855dce3c6d8e3a550,user
k6_bidder_133_4,pts_e8cc15e0453894f81c27cb53665ec7de171fad24921f825a52e0ee9f7cb6396b,user
k6_bidder_133_5,pts_37d05b93d3a828b146f701762bc211da2420d0fbfbf413c8db8cb4cc16eed35a,user
k6_bidder_133_6,pts_b49db6d7e337ee0c7160c3835782f03fe26fd33f4599721cd639a4405821d466,user
k6_bidder_134_0,pts_760cfa9db21fb4f7c773c2ae0dff500014ce3d09cacd481f95f2cd2446a830ef,user
k6_bidder_134_1,pts_5a29f2ce25c428a01ef8ba01088015c374fb3a5ea36f82460ac6f5fc2e32a405,user
k6_bidder_134_2,pts_ca3f11f0d6dc08618ea74db3819878fd2762c07f7de12b4cccd797e37bc9cf8a,user
k6_bidder_134_3,pts_15e87e9085012e2f3cc6a16bd7b95cb188e510050c34674e5d50e825f48594b3,user
k6_bidder_134_4,pts_7c1c5b6a81cb10597d6d823dd3f2aaffa4b8bbede6874fb5c840c8dd1f4dbba3,user
k6_bidder_134_5,pts_40302a17e8a362caae6ba5353ac6898298504c1225d9f84390df7eb6b3b7af26,user
k6_bidder_134_6,pts_6d89d07f26daa815bfd0daaf257ab3f131311637cbab12a0daa390715ae02054,user
k6_bidder_135_0,pts_f3a05d4202a2db4199d69388f3be78d75d67d1bdf8b43788b5179d643cc56cec,user
k6_bidder_135_1,pts_9aad5ed37a4441297230fc855e535244adae69e4405c702a613c70852a95117a,user
k6_bidder_135_2,pts_f4cefb7082eb85b06e3aa791cbd41a222119cf35c6a340db7451305d90d8346a,user
k6_bidder_135_3,pts_c0575fe4f8276c591deb03b660b15044f1a0060b0bfaf6161a3274edc0c23bb5,user
k6_bidder_135_4,pts_8fe0374dc0a443e11988866751b9d9a0f4cc8f8e69b5c6897d27d71fafc307eb,user
k6_bidder_135_5,pts_b83f2ad496e43ba5a88bf8c4f49cfe93554f8951b374f5037987582d83398a11,user
k6_bidder_135_6,pts_e7ebfbbf730650e71bb249de2b1a92c6784328b88f9287d027ed10557c64fb7f,user
k6_bidder_136_0,pts_1965112930d55300856651b24b0a178fc299214316a60855d9f76ea6a7df981b,user
k6_bidder_136_1,pts_aed5cb6255b07059f2aad222f28c0b6a8b8b389fa1f3b730ae1a14fda8e833b8,user
k6_bidder_136_2,pts_c684c9ee859006bf66a6c291cb0b2a42d5618acd7b69b1493e049a4a85660330,user
k6_bidder_136_3,pts_c5de60284730854156b1b15dabe6eb262971bc7b1e4a8e3b2d2ba8af91e1c836,user
k6_bidder_136_4,pts_37b333eaaeacf5ec591e62b31766c9499758b343e3029f64954edd996fe2fef6,user
k6_bidder_136_5,pts_08d10ec5116e3e01c1bbb84d8a5aa02449bc15407e5744e63770a79ef20324d6,user
k6_bidder_136_6,pts_84ebe2637b22f9cac02e15e8e8a5d319c9f61851840d3a739d328abc303c299a,user
k6_bidder_137_0,pts_1e96b6cf8b3ab984e86e5a4846d0e030eb89314a9da97b72eebc98313f9fa226,user
k6_bidder_137_1,pts_f784050209ae86eb88c8c72352496dacf9272421fa7704f5e84603ddf7e20bb7,user
k6_bidder_137_2,pts_7df6bc37d2886a32810afe601513a60712e2bfc684e96cf0e7e5b536475d32db,user
k6_bidder_137_3,pts_7858ccda764150cdc142501f6386a310f8428705355ee84204abc1cb9b3da9a0,user
k6_bidder_137_4,pts_b1b8236c567c0c73fca9636f49d1ba2a1d42ebf7d39a12992e9aa57a23a68212,user
k6_bidder_137_5,pts_e85e0cea10edaf302e83254e6c8a45c97563a15f1d8bb1eefd0718ab30ebf4d8,user
k6_bidder_137_6,pts_6353e583c61f81ba7f91a9ecdfd57864d3a1c5d7b85072644f5ed1674ad48675,user
k6_bidder_138_0,pts_06a094fb44e61bced931387e3829900fff7e05c42ac324eefb72149c317e6363,user
k6_bidder_138_1,pts_98baa7a921e7e75e4726bb65a709b770e10c8fb1a3ae23400f02146415657928,user
k6_bidder_138_2,pts_c94d47eda50bdbc7feec9e708be72c3f3d515282fd8c991a2ce0bfeda85cf0a1,user
k6_bidder_138_3,pts_613568d8b5bb726284c3a384450a6f8d4177227062e3683609451225d3b05193,user
k6_bidder_138_4,pts_8bdc7d9d896084d656af0704efadc03c136099130b85075406fd3dee6ad2ad6b,user
k6_bidder_138_5,pts_7017e8437e3402f4c45a96b713c069e379d54d59387c9f1b1ff53e2be4b076f9,user
k6_bidder_138_6,pts_a3879ca608a04593b409905d2bd24b2d6a16c48a5a7ca4c0ddb92ad9774e92fa,user
k6_bidder_139_0,pts_cbdb31a001bd2d3a374e0b88df8732409f057cda99f492968a0255e3aec6568d,user
k6_bidder_139_1,pts_5c41b543bc8d730da0ad2a85ffd74f2c84bfa7f60bf09ffe08a1d1d32757289d,user
k6_bidder_139_2,pts_2c073cb8d0d6fce07c4edd15b5d2512815e5f941bc7e839f2b2bc90e9b6d8406,user
k6_bidder_139_3,pts_06ee3046f8b888b084a293b070dadb49a87f5d0f83f5c51b4a9f857256fd03e3,user
k6_bidder_139_4,pts_2a66e7582508b222e4c3ecd27396ac126751a3403ed2e0dea756ae43762e9b01,user
k6_bidder_139_5,pts_cbe5c1d40b8ed3023797bc59659f42d604925ed4afb43804fa1dc60419896a5d,user
k6_bidder_139_6,pts_9df6155b5b30166c6599cccb6a120c59f15485728e133196b734c36e7f2d9613,user
k6_bidder_13_0,pts_f4a203a9a9afb89cfe2e8fbcb4b6db4dd498476416752105958abe2398fb8afb,user
k6_bidder_13_1,pts_4442d6c5939a1d795a6e5fa5041d6e587f51fee7acd1ef7335e2a34677b2de6f,user
k6_bidder_13_2,pts_90770efe3f7dcdbb28b7d41d16ebd0f8cd2949bc2271f39db2bdfc1fd9596169,user
k6_bidder_13_3,pts_d91c9e8edc00d83160a50624f851a8541d2d6a9d2d9f86ee2774268e1d153ef1,user
k6_bidder_13_4,pts_e7b4ab75c169f03606c3b7a6b316fdb4c82ff5233c9d5826df9b381391cd5d3b,user
k6_bidder_13_5,pts_8bdc2c69c29beed10329d92fb9f33b0f7bf087dd541d71eb46060263030d8db3,user
k6_bidder_13_6,pts_5bdea3b84fa43a483662ba215319dde14cdbc3bb78aaaac80df1bb8a57ff0188,user
k6_bidder_140_0,pts_523f8fbff2e2c95fccc1c9f299573c1839604714a295a7dfd051f721f4b39f4c,user
k6_bidder_140_1,pts_e954b7d29ff65a5d85a5bb012ab91f4b2b8069572a37ca71eeba6aaac0fe0b56,user
k6_bidder_140_2,pts_cbcdd9fa54b462f9e9e8bdec36ac2a862e0bdf69eb1562069d3e0459e0ab13bb,user
k6_bidder_140_3,pts_6320b30b3f9f4239353288a804322deaf7759494225e332bc10415b6dbe8ad60,user
k6_bidder_140_4,pts_706ab78875013ce72cdad5b264fe3ae8dbc5461045168117587d1cbd330baf2c,user
k6_bidder_140_5,pts_162a44377b22d0031aefbfafa1c352d3a2bfaea3c8dcb53ff774fe222714b878,user
k6_bidder_140_6,pts_37b7d7a6f6c56752c3caa51e99763f4c70420f6a6e63aa744563b17f0b1d12ca,user
k6_bidder_141_0,pts_142b0990bdfeef1b3609ecc6d64835a14526b4fb37acb9ba6a7971858057a2d1,user
k6_bidder_141_1,pts_6bc67f0c84929ee0d3dd26950eaa06a6866d886b4ca8677ee3a646a530919765,user
k6_bidder_141_2,pts_1d967af637e656e85a19e328f041e14127839e375b61b5159b4ba382f326c5bb,user
k6_bidder_141_3,pts_d6e7d97da8c918f7194aa397de2487784e7cf1246e730f728cce9eb76e73d5af,user
k6_bidder_141_4,pts_357de9a46bbb9d68ccf441ac3a50ac9dedc303ae8df3e0510cfeb9f7c01e493a,user
k6_bidder_141_5,pts_e75d606288e3ba4158d8266ebde8bb8ce377adc347cb20de054535fe5743d5a8,user
k6_bidder_141_6,pts_0b14c272005b25d4e719e2b881d93f3f7577fcf8b974fc50616a4c38fd4b2363,user
k6_bidder_142_0,pts_16828a21a901c6315bde1f8f399462f8ade37376ed977ad753aa4362d3f3f4fe,user
k6_bidder_142_1,pts_78979521551a3306178b9345a18804654c7bb5d558ac8047f57658361c22fbfd,user
k6_bidder_142_2,pts_5477bbf2563fab218729811eed551b923644552327302cba6ad984d83c596270,user
k6_bidder_142_3,pts_4229577c9dc3124529fead7d4ea8bca22b4f5971cdf40dc727ddf05e3818d25b,user
k6_bidder_142_4,pts_60542f1a48fc900fc2bbb3b944aa7a88a240339b1e87e4a1767a771365a88ac2,user
k6_bidder_142_5,pts_9bd889e063f96760e002b7fdd010cedda3c422748d0e27c583c70d68e1690527,user
k6_bidder_142_6,pts_b7d97cb631e06b876f8161d9a8f7e11485a08f2eef586487ac509e032c1eed52,user
k6_bidder_143_0,pts_6321eea47da4f586fef4d0a07c250670c4d1550c874778ee6a5d52e358d89bab,user
k6_bidder_143_1,pts_3a36121bd6c27862fdc702fd16c1680cba8bec2097cd6f327e8b5f2f556240e9,user
k6_bidder_143_2,pts_f6193fb38cea97e322976ae8128fc1f775482c40b627456b7783be919ddceebd,user
k6_bidder_143_3,pts_366e75e1746a4a97d9aa4b1049e1102fc82be9f7ce93622f532ccc7ef18970c0,user
k6_bidder_143_4,pts_4f1ee0b6248af099846674b873a69cc7babf87f2cd37afbd6f5e4fb7f1e3bd83,user
k6_bidder_143_5,pts_e69482f29a8bc86112b60c4575505c7c9f2d3f065748e5d5338d40ef11ba6a45,user
k6_bidder_14_0,pts_25285de1b8fe51985f7376e2b32a51be1197ae8b2b2f9787ac6ce7b4adc89b5a,user
k6_bidder_14_1,pts_349dd40e08ea407372d0d3d665382b8112a4c32d5fa79cf7b759442c4ed56e41,user
k6_bidder_14_2,pts_7b146601252121066520ce4dff9e73e982aeac5b64ca2d45e1fdeb09efa624ea,user
k6_bidder_14_3,pts_e460716b601d8d13b1c918d57251cbec2855d18207a357797469cb40e0c6f2b2,user
k6_bidder_14_4,pts_3a78487445e97cf55c52544fa70f6ede706a72fa924b1dc0536e5907cd456c5d,user
k6_bidder_14_5,pts_ac1e49c67d89dfbcd2631eb0f09fdd6127b2a996ab9eaa1cdd6c6b0a1230ac09,user
k6_bidder_14_6,pts_fcccf5e8af3316803e3126c668f381c5651623f5d80a6a6fb56f83591eac7606,user
k6_bidder_15_0,pts_a9182e80d415474e1bdce8cd860dce4268b0dcb068c488c1ad90b599c32b4ca7,user
k6_bidder_15_1,pts_0e56f948e51716fc820070fbb0ed3217ae6c75aae1c88eabb07d7cf0b357fb6b,user
k6_bidder_15_2,pts_b29f253454ea923820144641d0952d19bfa5d63c4d6b440733dbbd5ac69d5147,user
k6_bidder_15_3,pts_1f777f86e378b23ce25a868dc89eadc280323f39b28e970f645115d137036dc1,user
k6_bidder_15_4,pts_ea82e992cae0a0ce5d96c282dc063863148f3ccce6e493ed9d0d6b2ea469d6a9,user
k6_bidder_15_5,pts_5a9ab99cff49d2ce6703c0726b04333c25e61df778e5a208cf8d1a5118215132,user
k6_bidder_15_6,pts_9dfc8dfa4a42451f8065f0a20543fed07c9a30616ac0f91f2740e8ddd3bd4218,user
k6_bidder_16_0,pts_8447c35b6a7e70a8de52ab9e84cfa78a9700f2542c2eafc2fd0fd85aaeb19243,user
k6_bidder_16_1,pts_447c56f4e6fb53b9d9de46ea6f3ce0bc3686f1f5730ca97d12d9587328eb69a6,user
k6_bidder_16_2,pts_7e16986509af47ea323f5e7e98b835a54aeb43431b23771924b309e32fea7b21,user
k6_bidder_16_3,pts_ee19c4624d93b4a6c1096bba5f7df749cd48c43ca71027e78fba8d5d31db7356,user
k6_bidder_16_4,pts_7caf250e1dcbcc3fdba2a891e39a3b3ebce0eb5f7d9120798464d72ea0b9c397,user
k6_bidder_16_5,pts_6ec4c31998e6493c0a661add5a8ca35c985e47d6f61c55c77bf12d0272fc0609,user
k6_bidder_16_6,pts_4a53a19aa9f904163af029eedff84059e72844e56cbedc4ea744eff2d324ac60,user
k6_bidder_17_0,pts_8c65fb9a7b2fca9dc720793aee57dda20f63b9f153bd98582b80bcb8a258c4f9,user
k6_bidder_17_1,pts_8d9620e9783d3dd76cff6df1ccb23f9b7572f13d5ac160842337611705dc2571,user
k6_bidder_17_2,pts_2442cdbf29fd65ffdc7eee13045137fa7f2e5e7b8c2ef6b50c2406ef57445c04,user
k6_bidder_17_3,pts_4b797e51065e133d1992b77add2dd838fda434896d6d3431d5fa6833aecaee02,user
k6_bidder_17_4,pts_24f1ffb37a0365b531eadce81237ae820e3d759fa527de289331ca1e0a9888b5,user
k6_bidder_17_5,pts_1dec55abf3d1752872d82c3e1246086fd1bd8c6f4616f4bcac8771edc51f5006,user
k6_bidder_17_6,pts_33d25623fa987db8029bd6b578dab3d071df0c85033813deb515e9c4227753f5,user
k6_bidder_18_0,pts_296f755473dd8f7716ca3ac06fcecd091f9a4c180b0149c7ffa604d2a4e7971f,user
k6_bidder_18_1,pts_28c994fa776bc7e4543366807b6bc453476c91f3cc24f0f1409421c79ecd918c,user
k6_bidder_18_2,pts_7b4ce4ad5f1191e2dbdcccdfa979faf499e89c7c270f24f3d7b6c4cb72675c64,user
k6_bidder_18_3,pts_800687d525f30520316422690f93b4c4f090625db0c3ca5c3034d2eb3115d38a,user
k6_bidder_18_4,pts_4c0a20d7e69916bf3c43a9a67761a077fcea494381324ca42a419398e4895afc,user
k6_bidder_18_5,pts_56030bc81ce8cc6dfbe2037175a6ede9ce0534905da0519f821c2b106116b0bf,user
k6_bidder_18_6,pts_11a7bd352b4a0d212409d446fbcf9043f0edca82618cf032739b23ec30c15475,user
k6_bidder_19_0,pts_66150f91baa1eb12b529f3787d1ce1a9d5792d083d31c68791a8786d12858416,user
k6_bidder_19_1,pts_d28684537d75aaa2035b15f5409a5e51d637d2fcea4f3f83555892b5959d3206,user
k6_bidder_19_2,pts_21feae4a875fa3d3333fbf973bdd375e8bc016d37e4e757bf2d07083eaf3638a,user
k6_bidder_19_3,pts_ad72baa635ab129c99edcf9879f3a2b07e5aa0e560451df4f7cd8025b373a5bd,user
k6_bidder_19_4,pts_c796a780116c3bb4f56f937da4b086ffbf457a01465cd2506d00fa97e38d3e46,user
k6_bidder_19_5,pts_073f86bf13b36b8c4c1878c07f7ae82f3f8e2eec835855bd79f019a2948a25ed,user
k6_bidder_19_6,pts_39005189b044d61ada2140831658fce34e33c890424d4924dde6df8291b9245e,user
k6_bidder_1_0,pts_07fa4daf4b0e0b564002ceace9b79a9d1cecf024f86c7d2bfc81aece22d09dcc,user
k6_bidder_1_1,pts_8c4d79ad0bcf1ceb3a47cf7571db44216d7fb6de8796a2700f3fc80aacf45a34,user
k6_bidder_1_2,pts_59c79e35eb44474f193b1bf3317e18ea330bb5fd0ce757ea55bc45bc4138c741,user
k6_bidder_1_3,pts_d6eb4f5056dff4a050df9e39c2555183782e4f5be322f2b26d6bfcfaaa7a81e4,user
k6_bidder_1_4,pts_f0c09f7d98822ba252180aa0a7066e089249879aede6452ff6167dee8d09ab80,user
k6_bidder_1_5,pts_ba79a6ef01901235b3dcfd6412480350a2b18bdbda0579b84903647ab7d8a946,user
k6_bidder_1_6,pts_bfd676f11a8d5ab34db5b0a84d7591e5b002174b8d1c4f7f1a4b7427fac01d58,user
k6_bidder_20_0,pts_76784f82ba7c8f6aebe50683f0bc037b678d1730bff7e9409ad217bcb359d86b,user
k6_bidder_20_1,pts_5d0b2fb268226aca8a10f0ffc53477fe4cfcd79ae9ab32f3ecbe8d338fced518,user
k6_bidder_20_2,pts_7a231ca5656a7c0ef28148ac6af929417b10814673953dbb50ce93e0b7c9f7c6,user
k6_bidder_20_3,pts_1004bf07ebd5ee7141e326865c6b55aa815d0fdaa158eb6763bb79bd2b08906b,user
k6_bidder_20_4,pts_c28a91847ecdcf90b477522c42fa3dd3a6d9dbcf5ebf0cc84936b2821ee22924,user
k6_bidder_20_5,pts_20e71fa0441a0050f58eebde2479d8f5577a705d94837350201053adad2660d7,user
k6_bidder_20_6,pts_aa9df5abee6f4dd6066b9de73032bdead7250c9922703320a54eea4d8b518feb,user
k6_bidder_21_0,pts_8190b302f6de006349e6de394724f23fb59c82f620fc44ce18048f30b6a324a1,user
k6_bidder_21_1,pts_387aac35720537b4ceb7af580f77a4d637e50431a4496ef7b29b4b1f3a5b302d,user
k6_bidder_21_2,pts_aacebafb0097ad53117bf379cd53e273a6ced8f37ab2e2cdc5f62380370a7565,user
k6_bidder_21_3,pts_82dbb443aed7b2d7b76383cb60e08626acf3e8bcc83f890f38188914bf6a5c80,user
k6_bidder_21_4,pts_cf9731f26eb7a7e41324d074581ac51d189fcef8e6362490a8245b26634fdb79,user
k6_bidder_21_5,pts_3d9a20716f431172d87bc61955eaaa9928afd7966a1e9b0b453ab6191d787cb1,user
k6_bidder_21_6,pts_93eb2d0d8a12236521c55f1cca4b4d390e323e63668f4fe03cd33132af8eacc5,user
k6_bidder_22_0,pts_d131f33a0cf58a368f110e70c562333f7d30cd22aa6040ec13305a93263485d4,user
k6_bidder_22_1,pts_4c59aadeda2c2308bfc9fa1a41e6be42132d37a0e9f691a6b52d9ed6d4a55230,user
k6_bidder_22_2,pts_13cace80df2dcae544160576e2a9eb3436b9c9acab3cd0a821c810afbdac92e2,user
k6_bidder_22_3,pts_6e88dbc972228a0a8ce0ac126d9dd6cfaa0fe822ee64398b82947ffc47939ebd,user
k6_bidder_22_4,pts_b562da5c2d45f8ad099d8cd166405296fb499620c98bcb47901cef4f03b09449,user
k6_bidder_22_5,pts_481836e8bf54d931d3d541b60c5d8deeeac906f85d65a5f34ebb31c8c2426a51,user
k6_bidder_22_6,pts_05be4ad1837054351cc1a2099c30fd31a2a109c4940209862700981dc4deda1a,user
k6_bidder_23_0,pts_9f17cf339ceb990f76f7b94cfba820831f739d79f581314bc47c97d786a3f782,user
k6_bidder_23_1,pts_0ddb45a2403db26fc45b33f3b4c851fb864581d9308e1ff0fb4937106a2e3318,user
k6_bidder_23_2,pts_f77cb4126470ed418cec0154357b0c019249bc882a6bc30b27857c91d46ac711,user
k6_bidder_23_3,pts_ba664d215371dbdcb17c318b0bcbd5bdcac4e486fcd0d2966d8309877a882ac9,user
k6_bidder_23_4,pts_c9e997f7933e80bf9cd2ea2cd8bbadcd88f1d59884c9369f724bb14dd2518f82,user
k6_bidder_23_5,pts_88282d9f26ff0c709937ffb9365d5a2457d8c4c962faa163ee4f9310b97f1631,user
k6_bidder_23_6,pts_a925c4e49607c232b84c81ec69f7bfa054ade5113fa163e011984fe61fe25af2,user
k6_bidder_24_0,pts_a8fdd204d00245331e5774688ee9719e93d71a0ad9ca9c04570d6b992b34dc5b,user
k6_bidder_24_1,pts_a8365101393faffe5393040f1d6cb6d738d1016bc7328077cc3504195d56efd1,user
k6_bidder_24_2,pts_ca27f93ad791e40a0047a86abbfde5609f0c1ed61f8ea557a99c091861b19f56,user
k6_bidder_24_3,pts_dbdc05ffebe6a449ef065a54db007ff28cec18b3eb60c3403a35f260726dcb05,user
k6_bidder_24_4,pts_927b0092e4392b4b8504efabd25aa59825e9e2531e9c2d8c1cebbc175710569f,user
k6_bidder_24_5,pts_0839c69d461e865cd00be1a5b4b4287de702c3f0211b8af93a1d671658107a2e,user
k6_bidder_24_6,pts_0be4536dd01e73e56cf88ae3c19a13f9bca2415442d38f3e48b62fe9e5b72330,user
k6_bidder_25_0,pts_a6a8aedde01879d12f7ba95b0adddb561a48ae7fa5f5f1786321d5374f37e957,user
k6_bidder_25_1,pts_0a73754c945b1ef93ac7eeb6f9ebfaf8dc70cf74d8a6831fe4ce760678187f14,user
k6_bidder_25_2,pts_8db908718b910157d21af7cc69032415fd8b4a88908f864e83d6673c7f99bd62,user
k6_bidder_25_3,pts_d88d54fb1df3f0fd09d72744fb4989336a72db980bdb58bc9a3c7491e81334be,user
k6_bidder_25_4,pts_f362270f0043c673427c76a6f952e4a75032b1c068618126947db3837f191209,user
k6_bidder_25_5,pts_9fbe74e44f48d5d91568588dc50e74ae0b31eef0c18e0ddad862c2a4d0a15924,user
k6_bidder_25_6,pts_4116f5f9bbca8eceed1bff60ca16f7adf29a2dee2e669fd570300acadb99188a,user
k6_bidder_26_0,pts_37e92cfe2fa8e5207dbbd9867c8f97ea2b426bd3af5929118379eeb92cec244d,user
k6_bidder_26_1,pts_e4d13defcd120de42b7935bb647adb53a54a9ed297bed3cfdcc9483cb4117038,user
k6_bidder_26_2,pts_51396190a01e1298060b1ff54c41fd244e00607385e6deba4f7af7164feaf4ba,user
k6_bidder_26_3,pts_8cd30e8ca19616fba36bd9c536c1ad025b0d48c2b09a0395a9453f9166f78438,user
k6_bidder_26_4,pts_1335c8baee42d954be9354c64d5cccc6fed38f3a0a464c07e98ecb6dffb1c2d8,user
k6_bidder_26_5,pts_ebfae04dd4315c9268f8b27f2192968394d9c8933026c1b09439a79387a9fdbf,user
k6_bidder_26_6,pts_e1ab6157dd49968693df01e4c38d4271d9fcaee5e8c9c027779b42108a1c8383,user
k6_bidder_27_0,pts_53a03e958a3bfc0f37201ee6f9d98b02f42180f4efdaef62b0871d8130a33034,user
k6_bidder_27_1,pts_9c9e3ab04a5900dd1de488cf30eb53931e5d6c751699d7b750e3b2f34b113d9c,user
k6_bidder_27_2,pts_8c1f1940c34dfa77c461470cfae7597edf920dee6fb082479800a342b3368719,user
k6_bidder_27_3,pts_19d70a12b92506ad0c39046334283fea311443cc61d4b8bc8685fe1682c13ded,user
k6_bidder_27_4,pts_c89a6590103a242baa5a5d1300990f2236476ed7f5fbcb401800d744c2b82ee1,user
k6_bidder_27_5,pts_0e60e2ea7639622c017170e1eecac8699d77bd319e08986e0326a3aa7857387d,user
k6_bidder_27_6,pts_31be052f7bcb818226700d3909114e3f97c92750ec723695b10e5bc4c299b258,user
k6_bidder_28_0,pts_58e1510a1a7316d16f5f052930ee34bf4a3a727005076e0c4e7dee00d3d1bbbc,user
k6_bidder_28_1,pts_c29a3daa886ae4121871e35155a48e830f4a43491a26e36dbe4c4351191d9ccd,user
k6_bidder_28_2,pts_a2991f61760d87249c599bf2ebe446b9c8fb93b6cb84e80a8be2fae2f4551c75,user
k6_bidder_28_3,pts_ae428465e3edd2dd7b647d8417400618da597ca0385506bb02c9469a8f788644,user
k6_bidder_28_4,pts_8c3ef0f36d6e66d4e39174492474a0968d858d9d68bd1705aed8cfce14ddc769,user
k6_bidder_28_5,pts_fa906deb7350cbda16a456745a2fb2b650b2d4efb982fdd16ec99ed4aeb6ad06,user
k6_bidder_28_6,pts_5bc241cf6aee1f4839c73f646f7733760622b156e714462d9993355e23ce786b,user
k6_bidder_29_0,pts_880d9a3614b0862820ea822606bde489f95c095b2528d972868bbbb49a3d076b,user
k6_bidder_29_1,pts_f0d400694dd08ef269036281d11ebf3cc88004d17063151a1f12302669123e9f,user
k6_bidder_29_2,pts_86bd952ec7ea4bf42a78ecf774aa72ae63c72f884927c7663d94bd9f5651f7fb,user
k6_bidder_29_3,pts_966467b23351916148fca9b1b3ff41f4add055788be52b5ab5e2009e9b5628ec,user
k6_bidder_29_4,pts_4e7f22ddd7326aba3e8bcd305b1085467da7ef6432a0221914f04dec5e3a3150,user
k6_bidder_29_5,pts_262c5fde17ac844b983cb830c08d9819f43f4c11a4ed935424d71f7f657ba775,user
k6_bidder_29_6,pts_18e112c3a3453bbf2344810f7e4c29551e06228e2b7dd8a124bd628e5fbf2d87,user
k6_bidder_2_0,pts_d0ef01feb6a66e0ba7501e48733f55c5b447427cf5acb2fa18e61528a06f55b1,user
k6_bidder_2_1,pts_efdc0f799cf678eb6f9b0b6166d00b2574e4470e9acaf6f77f7b098a24a58863,user
k6_bidder_2_2,pts_49c7e110d3ceed6301fa35e1cd936f576502946a3d18b4c355f4eb1b2111c8fc,user
k6_bidder_2_3,pts_a71c72d2985f9fd5550181219fe0c99b3624186480075e615fec8d8c22112437,user
k6_bidder_2_4,pts_81cf50f77ee5d23d4128703306b884a76ccfaed5085363154ff18b79b4e848da,user
k6_bidder_2_5,pts_fea13e27f0369db9e13bc87a7ed5510eb91e17319dda4c6a63f02d903154641e,user
k6_bidder_2_6,pts_e7962a865c99e3a4663a2309903033e938fd95472cce0261d0ca782bf06a2695,user
k6_bidder_30_0,pts_ddd5fdfd4b3019894562f5845b39b88075b395df02ae8eea46a2b90ecc142cb8,user
k6_bidder_30_1,pts_d1a52612afb305f09c8dac38fb91fb7dc7f3883e23d211c8cf0635a3cf165433,user
k6_bidder_30_2,pts_88886784f723e5fd6ac74e714e22e290a472f34c62d8f0069068fe92728dff51,user
k6_bidder_30_3,pts_ce58d5eff32e96f02bc9d1c56a8eeb1c98576ef39d189380b44208ee4ba5c1bb,user
k6_bidder_30_4,pts_42718db856c40dc8f31264a68d8c9ca185a38afeae84a655c0167309714b7652,user
k6_bidder_30_5,pts_1c068a000b8b3cf74eadbe971eab235078b64314c82dae7d71c94c0b7fabbd32,user
k6_bidder_30_6,pts_15ec9eeaf91ee3300a875389d88c39bfbf63c5b559e6ab326e69482999e7598d,user
k6_bidder_31_0,pts_8bd387f7ab6efc0fb72d4ebe206aff99130212ce4f5de04660d255984a3a383a,user
k6_bidder_31_1,pts_ac07c8a938bf903eff7d155386afcd36bb8745283147d1de8fdf3592b3cc24d6,user
k6_bidder_31_2,pts_b53bf4b081a0f928e94f467b83b9c379d0e2f490e2d54e0466c0ce05cd32ea96,user
k6_bidder_31_3,pts_429e091f1dadb6880256b2333fdd52dcfd3f5f9670bee9de663e9ffb2268006e,user
k6_bidder_31_4,pts_0fa7d9e4fed4aa29a06f08378dd5c1de5e276653a638aec43095e8223dc4db15,user
k6_bidder_31_5,pts_b47bebc6d7f98396544fc96b39d260e8b6fb1764a4a42b3bec7d57cd5fe0735e,user
k6_bidder_31_6,pts_1785e42579008935b972e7c4834f1438de305d3a799aa96437cc298c26155ff0,user
k6_bidder_32_0,pts_d0db9b06807fc80182ffa2605bd2ec0baa63bb4ace656d25b88b3b02a342a2b5,user
k6_bidder_32_1,pts_50bd08690af59c8dd364677475138c4103b997bd11af676c3364bdc3f26c26fa,user
k6_bidder_32_2,pts_8c0f3b7cd55808ec25c7103a10efa4c3a34a85c0dcfb381b6624416f9cec0eab,user
k6_bidder_32_3,pts_357a877c6b4b06271ba1878dc5f7c2793f269003fc505db9f04eafa8dc9414d1,user
k6_bidder_32_4,pts_66bba31174929db4846c38697080728819d630ca16ca126e113a057125bae774,user
k6_bidder_32_5,pts_47fca627e7259ecb4dbd409ded9c1b34a811c2ddb0b6d9a6e8235263abc8b128,user
k6_bidder_32_6,pts_5b0b5ca3b21c65e4c3e0d789fd04f17b7f6d5ec2b2e6dc14d26be46d10a0a1a7,user
k6_bidder_33_0,pts_d11a5ad633521098a69c9738ca2d01266758b071efad5e3442f158b03ae49757,user
k6_bidder_33_1,pts_ef6e6fe56cc51de8db1d1d2b2715694b6f433375bdb74820ff1ed845ef6acb1c,user
k6_bidder_33_2,pts_3c9fd9ddfe0d85870d8fed4769ba0c1146ca48c2bace2f7ce3af6f6197ba988a,user
k6_bidder_33_3,pts_7bd6717494813d47e3c08999e6ecb14af642c2b4fc125e76665b54689bfd4b59,user
k6_bidder_33_4,pts_e92ce706d65f1d8d66aa1e90a8532ada5ea31651e09feb64c1a1242a5f76fa0b,user
k6_bidder_33_5,pts_a5ca164024811abb25f348392e8b367d2fa0dae19836bcbbbca5e8d53f406c9b,user
k6_bidder_33_6,pts_eb1e4a4d1076c19e195fd81424e02c3a9d6c8a0e5640b5965e06945198950011,user
k6_bidder_34_0,pts_7ef9cad070f23060b2ddce21e8e3453db111aaf421b1c068a980eb0c9d5362fe,user
k6_bidder_34_1,pts_c21077bc857906c142de8a9c8747406fa5a85e195ddd44e469c2e6b3e4e245a8,user
k6_bidder_34_2,pts_063e91e2fa6e0ce86389b10d47a21e0cad18043785d158ff423fdbf260964126,user
k6_bidder_34_3,pts_31e57dfe8d3aac4376001340523d58ea4772944410df59fa02b06748334c4b31,user
k6_bidder_34_4,pts_e578d77e4ca2fb179f2d598e7240b57507fabfb6dad90759a483f6d05aab54c2,user
k6_bidder_34_5,pts_f391521c90d2d1d4d0f0febe31fc0c033760000a80d25d43c4fa61ee40bf24f9,user
k6_bidder_34_6,pts_0a64201fe7db05da3e204dc6f8b28dd9b658c4cff9d67abf94ab89b82d351604,user
k6_bidder_35_0,pts_6a4ef972b01828b681eb9c3f649db58be06e8eb6a6ac59cd59933a45cbb0b893,user
k6_bidder_35_1,pts_a843124e69d10f46f935ea320f5ab9a38141604b8d28b668d99fc2169347a9e3,user
k6_bidder_35_2,pts_c255f9d82cd4efaa669f8e68f9b43d3df1e2ffae4b38903d06ce1520e6dda713,user
k6_bidder_35_3,pts_727a1e37393f9b43419d7a6e3af7e7d4f92378aa273230bc189a34876378f2eb,user
k6_bidder_35_4,pts_88d1cc6d8f13f3a029926f83ac82b178a61eeb17863a8eb5a797f07d7a44b542,user
k6_bidder_35_5,pts_c4418d31ea9d09028bbfb438b9d15c45ca03cc8e37ad0d0839717f13592a1c9e,user
k6_bidder_35_6,pts_5f17620293100788fea38be073c2eec7faceb85bca5cf8f6c03855370fa9cf77,user
k6_bidder_36_0,pts_37600663113bf0766ad80aa34acaa8ccfd5ae813880c376a1c8a36e11c8c526f,user
k6_bidder_36_1,pts_10e3d37fefc0f3b46e9ce8acfee07d733b14a823a7957d406bf18d60682da8be,user
k6_bidder_36_2,pts_6483d024cf6ea13efc98ff8113ae6ace2e6b582bb8d555959239510c5ad35f7b,user
k6_bidder_36_3,pts_554b39f1247e2facacf7ab5978f8faf9493b4f17c163fbf83ba2180b934b6fb4,user
k6_bidder_36_4,pts_5c8a840d5f56d8891878da107bbd20b3ee853dc9bc64c75203e8b453712ee5d0,user
k6_bidder_36_5,pts_ccff2cd9c8083d9418bf0ca0b1e5ba445738577252d3b19e3944c48d199849e6,user
k6_bidder_36_6,pts_f91c33070cd726f447d01816215e7fd5fa79436de83d3211610c248222cbd6c4,user
k6_bidder_37_0,pts_28b8d91a3a6da73524f392b4f6431ba6d7d51b0312797e9823df1b4b19cc961d,user
k6_bidder_37_1,pts_85cde8d9ef70788466a0985fb7196449e75100eca99acaa6e895f53568a7f804,user
k6_bidder_37_2,pts_3a515ff50e86ab13a34dc95254a602cdfcf7d6cd099ad427aaf909350d60978a,user
k6_bidder_37_3,pts_42ac1bdeabcd34d5bcacb6ea6f9d6cb85b7a8048fd13504ac53295ded0941a7f,user
k6_bidder_37_4,pts_bccd2b00767953debf10ddd4a670b4c1030be07c4187a8fe9a99d1e7d788b3e1,user
k6_bidder_37_5,pts_2f0b039ebb2b660c621e1bcda8cef06defad637ace9330c593bb9628f20a9bd3,user
k6_bidder_37_6,pts_987c41233d31a02e30f92d8f347620c5c07abdef7a8aa57d4896db0c2c9ae762,user
k6_bidder_38_0,pts_ce78eef7483e9d5df39e794367a56b89ea7b278d18c8c24a67e79cf2769a6fc5,user
k6_bidder_38_1,pts_423728fe43853541e6a77ef74db1e989a3fc04f5bd08bc26777e0d8502ef7073,user
k6_bidder_38_2,pts_a598a84c4e31395c3a73385c62c12cea89d5c4cc059907f079186f204c2b7efe,user
k6_bidder_38_3,pts_234f1dce5c42a4de00638ba31cd3d69076a28514568d1399ff21d5493bac7d14,user
k6_bidder_38_4,pts_588c0bcde491fcbfb3200433611be01ce3f6b55bf079c9b8ec8c73c3860c307b,user
k6_bidder_38_5,pts_67924a205cdbb3d4e8de20cc9e1db93daf8d715668fad4b13ee87f2d9521b08f,user
k6_bidder_38_6,pts_b9c8cf887f5233e547e3040752fccf3234ca1bd368f14dbd60d6b306e6264c3f,user
k6_bidder_39_0,pts_95769b744563c4938aff6cd6a23bf3de0f8f0cfde67137180df352f0d994a88c,user
k6_bidder_39_1,pts_63adfd9e5e587ce942c7e01a85233475df56cd82f2122b6b2138ed6f58492f17,user
k6_bidder_39_2,pts_4bfe32608a66d406ebf0ca871691b00893652e767d43dda15b56c2234d511507,user
k6_bidder_39_3,pts_a79258637829e7f8a7bbf4d16ebcc1fe417733c1492e2f3966b3a8ac4b6506fe,user
k6_bidder_39_4,pts_f3ea5dcff740d162cfffb44603832e0db3e444d076e63d1b7b49baa97451d0bf,user
k6_bidder_39_5,pts_2bf98f9e2cc5571e40d8bcb1bd8a006e66693d366009665b559fc297380a7b0c,user
k6_bidder_39_6,pts_0ae310f45e25906ac567b1be6332fe3f5186a2995232268b97f0e62092dfac70,user
k6_bidder_3_0,pts_616e037ae2e8a65aa37e2bc80f561789850c4ca8084ec85c1da0ed88715fff60,user
k6_bidder_3_1,pts_069aa585c5ee4c203c4f087781391e8724a47430183f6117543b1ab7f656441f,user
k6_bidder_3_2,pts_d1127cef1ded97897dc53a9271b0982ee69a6e2ea3441ff7b3c06bd8b5dfb312,user
k6_bidder_3_3,pts_140eb04ad22c648e068b8fbb85043de0582789823d3662792e5452c9edab193d,user
k6_bidder_3_4,pts_a3d30106f6951644cbc08d13c1f1cfb05ec39eab3480431ca604c898d895082b,user
k6_bidder_3_5,pts_f19b78c99353896db0a24338e91c7a3ff697cb0c0807aba7effbdb522addfb8f,user
k6_bidder_3_6,pts_8b96805b1189e0a18da49fb6d23b3373ca97d9d5c5f7877ebe22018fe5468f05,user
k6_bidder_40_0,pts_2a1a5d4f34f22caf4309d322a8db0ef5a08a40e9ee7259d0140203f6b61ce521,user
k6_bidder_40_1,pts_2dd074baf4bd53c736d8eb5ab78787ed9500714014c4b1c82fb7aab35dc18425,user
k6_bidder_40_2,pts_1886ccef7437c82e5495aa145ebb3dba1bb974237ecba185c0c1d94f96470c82,user
k6_bidder_40_3,pts_ff66a25ba534f8858ebec1460c6836e624b6bab352abcc8d25e9d7598c29f08f,user
k6_bidder_40_4,pts_b48a72f88dbb75ae648eb2627951d21a00dc17ff15d62593c02748dc3e2ba585,user
k6_bidder_40_5,pts_2786edd5fcaa0ae208f8c30534ba4cff10e0ee0091b81b42d16e8308143f7119,user
k6_bidder_40_6,pts_fbef6bc762d26de4c49fc5ce7e320b05d67e75fdc94bf3288ab90c399e121b5e,user
k6_bidder_41_0,pts_20a630afe729900299d58ccb6f8d4b2dd3ea71766a017551cec05d7fa1ea6e47,user
k6_bidder_41_1,pts_6f5b8f16735e82121b7abc257d2824dc3c6e4d77250d04a22cf80ef1d5827b77,user
k6_bidder_41_2,pts_e664fc53cf83d0b7142b261e8db7dfe8f52969d008bafcba1a9e29fc840aa483,user
k6_bidder_41_3,pts_063a726109b9390fc27b8d04df9f5685e61d3e2d88813a4828f20a5dcd6c7228,user
k6_bidder_41_4,pts_dad2a55ad2ecb5f136fa95f13c719c8a58d8be613921acde4fef48efbaa756f0,user
k6_bidder_41_5,pts_fbfd992e537ccb5222c32bb3862e3280ab8c495f08f8984368d76a16f69a1d9f,user
k6_bidder_41_6,pts_a0a2d320f56c08f20571983f0bc42f1d8ac59324837665f1a01c32bfeac7c471,user
k6_bidder_42_0,pts_fffd94d8faf2178780f660725f2c5963078002ca7be8d4bb078a167a5491aa9a,user
k6_bidder_42_1,pts_6c7719095d09a306d3dc8516343a5a1a15d1ef91d5d359cdfb550711fcf88648,user
k6_bidder_42_2,pts_fa5e5c482e5c1a52a60bcbd8d57d64fb2136ed023e82fc89d019d2efe771bc1e,user
k6_bidder_42_3,pts_ee7276b969f8f7fffe04b24a8a0141b215bbca7d1b9313aa2b4ef7c0df98928d,user
k6_bidder_42_4,pts_5043830ec01360309016d52fd937a440630ce0ccd3b1d7194bc71138042187bc,user
k6_bidder_42_5,pts_cf315555ec6331e14819009308d2d948e22d92a91eed1d829f8fd0a14a865fb9,user
k6_bidder_42_6,pts_7274dee7899443f5981da82ecadb006d307fdfc7c7cd88e798ebcb604073da02,user
k6_bidder_43_0,pts_885784482767fb672aa1ace44325f80a36208f735b49fe4ac89f171009c7823a,user
k6_bidder_43_1,pts_794fcf5e86f7bc4d74f42975b4633220e7a728fcf28dfcdd18e73e52e9e485cc,user
k6_bidder_43_2,pts_e7cfb4addeb8abf704965bb223160879f8192da59a3c6f156da776b1e2cd5eab,user
k6_bidder_43_3,pts_dcc85464625dfd3e275e31eec206e314268044624578787561c48e1bf751e053,user
k6_bidder_43_4,pts_886b79e2df7d3a255a7f347cc128ec1c1190a46c245c8280cf7021579b94233e,user
k6_bidder_43_5,pts_1a6b79e89c87fd41b129fa3f5d5e2395001d0b2cbb9aa745bf62c88ddbe6c300,user
k6_bidder_43_6,pts_ebeacf57a85de0b675fb70790f09ea24b0e18cb043713df6e883cd7068c93244,user
k6_bidder_44_0,pts_b82895b0001503bd96b108d73aa96a7b190b40b6cb7b40d81e1f3c8e94fede68,user
k6_bidder_44_1,pts_7c05e7a5c1304c9d4d954361dd1e677865650b3539e084cb1e562228b58fa18d,user
k6_bidder_44_2,pts_9ddf2719f0da46c337b949fbafd08308cd63bcd91248649fb4816f798a3c3efb,user
k6_bidder_44_3,pts_36f2e60039b03a68932bd11554bc267bbc4f7c334990881f883b66be574831dd,user
k6_bidder_44_4,pts_e8a137b5eae922a09b5798d1cc572dfd1211e9ca20c86264530e2e63d6a745b5,user
k6_bidder_44_5,pts_f6c4ecf19a6e28f3ca72860f480f93c2e8aa454f6c437ba593faeb943db3dd8e,user
k6_bidder_44_6,pts_5c8cb687a157095a33d8a29c770352c7a3f999dab82cc217507f8ca4f8c81675,user
k6_bidder_45_0,pts_5f80495417a67af24ea528f7fe9f16dbab35ded5a71f0206f37fb808b86d673c,user
k6_bidder_45_1,pts_ccb68cea61e9ded0a89a57b9683a3dc67d524f5eb1828ab8977b93be2bdd01ca,user
k6_bidder_45_2,pts_dff2ab0dcc154324c5ff6739fe5ec2a22e485dfa3943d18f9356a9bb7f7cf9d2,user
k6_bidder_45_3,pts_42d2c5622a62d078cd7db0b092a63830fa956eed5226a2239ac76d4769ceb12f,user
k6_bidder_45_4,pts_275213ae1a7f64488fd327c66502fa7efa33a21abe97f4721d79d9317c440fd6,user
k6_bidder_45_5,pts_3e7a865a65503e1cd0cf7db22648ada09d3a04edb003b5fd81046e6250e050de,user
k6_bidder_45_6,pts_0b3081e1e458f782b176d7ff890ee99a9f3b8606bc7b85a19c42708602a00aaa,user
k6_bidder_46_0,pts_6272ba7da2fcdc0efa0ef6877730606f4a9f41dd903f1403ceed5b467411232c,user
k6_bidder_46_1,pts_55d541bde5d1650bed200c1bcb704fafe1bda0fc0ff97337e076ef520ee5e79f,user
k6_bidder_46_2,pts_c6e66e98660b16339840668182f5303c4795689d8aa400a0bffd7649248d7ff5,user
k6_bidder_46_3,pts_bff3cf5a59a68bc1d0fb68391cddd35bdc0f19d625db6d762b098c3804d7ac45,user
k6_bidder_46_4,pts_16004a86188018332773efd2cac9ccb388bb9d45fee190bc5ccb4261bb757184,user
k6_bidder_46_5,pts_a3656570a7a8b915b60f25ba7123f99ff54d983535027e12a034974205846ce9,user
k6_bidder_46_6,pts_d37d114a9a549701107a55f2b93e47b12199df9f51b80b29c6de498cff0343bc,user
k6_bidder_47_0,pts_b90cc36d0b2486162f7f58320a557095c523f9e9ee38c33ec0b7bdfdbf1539b0,user
k6_bidder_47_1,pts_246566525dd6c2b20db87255daaa835e2ada114a50251bdb7bd8f935b35ba05e,user
k6_bidder_47_2,pts_bb3c6e04e3e294cdf12ddfe4dc3793024efc30b26d0901c57a305f86c764da86,user
k6_bidder_47_3,pts_2a0239c7d1dd1a2d03369ba4406d28febbf13fca46407d5deb0dcbd61496a17a,user
k6_bidder_47_4,pts_5e8a56cca90dcbeac51fd4d21b1b681aa9df599b53d6da17b20e8f778a54a2ea,user
k6_bidder_47_5,pts_d158c617e38331e53aaa27a7c5bac978423ef454bc9557a65f903c758ca5a240,user
k6_bidder_47_6,pts_1446e6c0d5b671fdb47545ff6e059e8ea190c4708f6b470efaae80ae0ec5bc48,user
k6_bidder_48_0,pts_133999f980a312bbe0188eb5ef6cfaec9af99a11304fd985ff2d6a3404990d2c,user
k6_bidder_48_1,pts_1e175a1c1b5f6e0ae1d32c827cc97d7c7690fac19ae6631ff83bbe3b89c6e61a,user
k6_bidder_48_2,pts_505c4edc46e4d091bcd256f28c0c03a50c154466c44542bdd93ec87dbb413312,user
k6_bidder_48_3,pts_9339aba9e71a98c96fca043367d137a575ca01ec656b47faa03473cd25aecd91,user
k6_bidder_48_4,pts_2d8c8ffc5f07c69bf02f622c97d526a15a863bfa3b94cc8ebf47a8ccf6bed01b,user
k6_bidder_48_5,pts_fccb7cf1790aad269e7bf6832d0bd93b422b09d866a43b8d36eca5bd745e310d,user
k6_bidder_48_6,pts_cdc318dd64b0e4f474dfa2433ddb7e863627a675ec84785d44076177daae5241,user
k6_bidder_49_0,pts_22a64f776336a4e7c72b78b13f5272ee06dc66bf8c05e6de44562d4da12465d1,user
k6_bidder_49_1,pts_cfad408683767da0c597ef7f4359b1f1276c0bdf8a4eaf2df81fb08821466441,user
k6_bidder_49_2,pts_210617f9b0c1e72e3a51493842e99607fad09edc8a6f37dc7b568438c74d7e3b,user
k6_bidder_49_3,pts_74e5506d9704850dfb51dbfb2553586d4c697aff263fa112a8969ed3afc1f8a8,user
k6_bidder_49_4,pts_0990b0148d4bf91029bd21b4bf94270a5c7d04c917ccaa72631a5c95c7ac4962,user
k6_bidder_49_5,pts_d4c2ee2227f34c7f0d150079b03b972f0819f32e88a4c30ec26a28f9b55048ec,user
k6_bidder_49_6,pts_7e4cea2e3886ba5065905f9b0dc0c919473c1c612ffdf6c323275b274c9d3c81,user
k6_bidder_4_0,pts_08e844869933783bdf1ab0e19f58fb1855e6949d28d8e1810678a4f0dd916e59,user
k6_bidder_4_1,pts_cad989cbe3c6917460a7c2c287579d795ee6e9a09cc6fbf5e253cf9f786c282d,user
k6_bidder_4_2,pts_aaa23ca871f7f9adb3a8082c3213aa219fa600a9250621c31bb40b576e418c4b,user
k6_bidder_4_3,pts_db58fd228a9ef65fa1625eb448104d7ffb927d72830d33c46d1cfb7cc038d3c4,user
k6_bidder_4_4,pts_b62bfde988d135cad413a5e54596f710d402d841dda6a5a51f9a37b5a8cf94e0,user
k6_bidder_4_5,pts_b9ad2daef1b9fed75d65c47f354eddd04bef02884e30a19cda4f37badccdd0b3,user
k6_bidder_4_6,pts_940e791162fcd44a05965638d5fe34d16acab1f1666594454e7838f8921cf628,user
k6_bidder_50_0,pts_042ab8295d8a615d809645989331a267a6f08023eb94dc4afca59dee577f88f8,user
k6_bidder_50_1,pts_08df1d7e1293e1d02206ca5f731f8441f41c192cfa6641652c05c2c320da12ad,user
k6_bidder_50_2,pts_2be4491000c32d03a1f111e2c643b5bd7e6dec5a95d2e7ee54e77f7dd5938856,user
k6_bidder_50_3,pts_15ba73822ff09279846ce4e46cce3b03b2f7d68577c9a0b4d7ad776ae253d39e,user
k6_bidder_50_4,pts_3deaa18d5ab4c6e5e46aec5952ced5c4078cf0b3f9806495d9376b4f18b3a220,user
k6_bidder_50_5,pts_455b728d9f40a4acdd6d6e3ca24967af69539acf803fcbd8858b291ed18fffec,user
k6_bidder_50_6,pts_9f9f0930729b0187d8cdb9a9f91bed9cc3d4cd16e3812da554915a65cac3f752,user
k6_bidder_51_0,pts_31a81008f0025feef6a3120e362631ca6cca0ca212bf476d75f264b66a317328,user
k6_bidder_51_1,pts_42237c182f931f04052808f907fa7cc2616fbb798cce258d43cf0af99e04d018,user
k6_bidder_51_2,pts_8e81d7a8439a4facffd3c861040819c8c4fe54a5f95ab1fcd09d5643d5fa0a81,user
k6_bidder_51_3,pts_635d3b75e89d15f79dfc1e21ba977540c0017a800c4ee297b1279191a12613a7,user
k6_bidder_51_4,pts_7a0e705d88fa09d84180dca21421c22f28f20eaa8e707d2f1ec2a2a493b3ea3c,user
k6_bidder_51_5,pts_b51523f7c4a63d5dddaa056a0eebd613cc355840654f09ca9423c3f5579a0dfb,user
k6_bidder_51_6,pts_dc348622d995b59f816389ebfce7d93cc0076fcb9a6686253f745a5406f5c98f,user
k6_bidder_52_0,pts_947f801fc8a0d9a509e03bd4fd98316a55ed8362a6444ad2f12d7ef3207588b6,user
k6_bidder_52_1,pts_ef189dc3f7d12b2d0dd2a4e275b09dad1c501861c7cc38b7f53ca82fc9fd4952,user
k6_bidder_52_2,pts_d9e69bd416ae78e51338bff0535ede3266f914f56c88729c4206fcebd012b78b,user
k6_bidder_52_3,pts_e1a28868a900a79c6d63d481493ef3ea48170b56b74387f8f7e92521be2ca84f,user
k6_bidder_52_4,pts_c5ed06f3fd6ce5224658f17c3babaa642f27ec5eb766a6bb47fce8d837aa0f7f,user
k6_bidder_52_5,pts_9f7b1221840d06ae0c81b61aaa7d30b4349d1a521d36478bebaf31e6aacc9a19,user
k6_bidder_52_6,pts_9fdb8dc13dc5ce96fad16de0092d5bfa3d63b86ddeb2af4bfaad8bed8f882545,user
k6_bidder_53_0,pts_3f316fdef349096b4589149a661803b7ea8a9953e257c17b93aadaeef1589171,user
k6_bidder_53_1,pts_2fc4e7799b7d90528136387a43ae89e6e82ab466ee1efe4fe583855c9b7ec4f1,user
k6_bidder_53_2,pts_4e1ef67e0d23c1b829039c1d73b6bd01735b459ca847b4687c752abdaf54ec6e,user
k6_bidder_53_3,pts_979e4c588f2158c8aaf6bc67dc436c07aa6425efd78e4166907416d4ff17f3fe,user
k6_bidder_53_4,pts_2274f69ad54ad496a6b6512f7fff3ee1e63316cf89afaeaaf5313188dcbd5962,user
k6_bidder_53_5,pts_c86ead2af3f5455df394c2d8928d802c10702473e88ef59e297201818efd7a84,user
k6_bidder_53_6,pts_343b215640b9eb59bbb19cad13f24c7ac951ad50dc5ca4f7eea44f13424e75e2,user
k6_bidder_54_0,pts_487e2fd8cac72ed6b321e8b6464443fef6aead406ad23a2ab6d1925c140d2e6e,user
k6_bidder_54_1,pts_6c947801f8359dfffb4dca09efb3235dd7a8781050e48b8a7d0836f334eab9bb,user
k6_bidder_54_2,pts_c309c11a987688b1cc2bfee96e75536fe4b4a6ebedba876874d5980cd6d13112,user
k6_bidder_54_3,pts_71ff5e3b4e8290ecce0a51ff5a4804e1b184a978f6616de7023c5d40f574cf80,user
k6_bidder_54_4,pts_00b6a42ab8af239907c536c7fc41cfbc31e3a5404892e393d34bb450a25bb510,user
k6_bidder_54_5,pts_a3b3d6f6b6eb2d24b5ce688158b96f4c7ff69c56d3edccbdb7937e9e14a1c57a,user
k6_bidder_54_6,pts_6bc38b53625b2086667d59506ab3f4b5640e149c544a96476dc423c9038a85b3,user
k6_bidder_55_0,pts_be58d40e30eab98ba36c46cf702764d9cae42fd0e4ea44cd7b4cf8219053817c,user
k6_bidder_55_1,pts_cf43f7a64af829a060dd6fbd7af682abebb0349895297e1b3b933fe5b667a06a,user
k6_bidder_55_2,pts_63ae75086875002b36184af3cafc98e20bbe85231242ed2b74a8f403a27f21f6,user
k6_bidder_55_3,pts_32b955add20c1a3fd757bde91b0a9647c9e11a463a75e323ff79cc480a6a119b,user
k6_bidder_55_4,pts_7e33bc1d0aebfefe61decd2ec4c330c8919aa8e7e0c5333237ab15bbe2613b7e,user
k6_bidder_55_5,pts_971156010e5297d78f85c51a52f7b76eb108c13f2281140ed13ee270617027df,user
k6_bidder_55_6,pts_8b233146bcc7995eabe74605864f5749e54ee0d8fe888075f406d3e839aac632,user
k6_bidder_56_0,pts_d2eb30935c3ab4c1f577a6c168ffffc3c5e69afd5d7d6cc4f7b3e4637ddddb66,user
k6_bidder_56_1,pts_7438a9877cd37144e7a96c720b2c179c014c67e0f1400787eeb36ae4a3fbd6c0,user
k6_bidder_56_2,pts_cbe5db53793c464817bcfb3330ed150452d1d4398f69349f155beb314a08634e,user
k6_bidder_56_3,pts_affa17f361e60700c0ef26e8a447121a2fe91c80d79b16b90091d3455cb8fb91,user
k6_bidder_56_4,pts_80c6077be382d13fd637e0dc976d6e9eed5b045e12a670388b31633d95cc5996,user
k6_bidder_56_5,pts_69ecd0802d94e6e6e4a166a15b3019175193a18a551d4511356a4b45c6ebb99c,user
k6_bidder_56_6,pts_dba4c78914d7472e3a3a39621dc70f775b9d0dd6d0ad5bddcafb0d1e167f4835,user
k6_bidder_57_0,pts_801cd02295dfe0718afb0e90b98f58f207ab6573b093a3f8dcc624274b661035,user
k6_bidder_57_1,pts_86fefdcbf71b98fa6ce06803c1300b988c9b69a38aa6f384b3e8631818f393cb,user
k6_bidder_57_2,pts_24fc86c941111120dca2c13271aba8fbca03bf3fd5564a4d552d0ecde5268458,user
k6_bidder_57_3,pts_7d8f3c988c10281e1c8e3908adf61d2931157ae3df5dd2d5e03596caaa5487d8,user
k6_bidder_57_4,pts_ae79f3381decf51d944bb0eab4d1b4c819405bd6a6a56f5d620ae9b30d36ad0d,user
k6_bidder_57_5,pts_3ee8a0faf127ca99963842914be3f17149cddc4dc10cdbb8fabd336de7dbc64c,user
k6_bidder_57_6,pts_fc640f7176338e30c6430612cd5a206e6e9a85d527ccce007e5f3e26f759df7e,user
k6_bidder_58_0,pts_d15a57766a69ce5f10a919eaf71966b665530c957c03a59b547a179f6af8eca7,user
k6_bidder_58_1,pts_a6f33f6a2ff3bf743077b15c378ce066bf80dd315a134f68aa52d220da0d8831,user
k6_bidder_58_2,pts_60018f4cff7519b4badeac68504d1b50791ce78dacbed17fa82777bec31cc923,user
k6_bidder_58_3,pts_5641c0f0aebea85219dc4f218e7771f9073b091935a25283db817fc19f3e2269,user
k6_bidder_58_4,pts_697412e2d27dd19368a402580bbac89bf2a5a8d7e97e80e1745ff8443d70a692,user
k6_bidder_58_5,pts_b80c43d0fef8e99a539c997c3cf50e97d9d04e0a5c31ec867cdbbd3004cc0dc9,user
k6_bidder_58_6,pts_b733cdf9f88ad9634d91f39896f1fd12d89ba3e7d560d5f7a5c5d6ad0fc8ecdf,user
k6_bidder_59_0,pts_1d067e9210d85a040447b3a660220bec3b33a1d83f74054e9695cbd12f63583b,user
k6_bidder_59_1,pts_2d7a47685904817b5e2456eb5df217b90bc23576ab9b8b8e2167713e83eaaafb,user
k6_bidder_59_2,pts_2ed54a49ecad1dffa68cd175f890b9632514de83cf88e85c4c1af172fea6f83d,user
k6_bidder_59_3,pts_734b60d83004b261ad7ccbc5e23514dd1d77e3d539cbc460f08c279435894fae,user
k6_bidder_59_4,pts_6ed91ec93e5e838ea23ba40113e79fab84358c92bc4083ad6371fa7f352e7b42,user
k6_bidder_59_5,pts_fee22477e241f1ceaeec3f8bc22856bbadd7638101a6b2edb86044d46886f778,user
k6_bidder_59_6,pts_8e11f75a900f211c1e591bc63ac2661294c09aa5d1f9c704b586273cf3cd4ba0,user
k6_bidder_5_0,pts_9ad52d1e8fdadaaa7c49aa1210564ed7a6f61fc31bcb1c4d82b11ea75c474a60,user
k6_bidder_5_1,pts_dbed3aa33605712d1a72c9e63918292e7c17c6cfc0e312a09591842d5d958c3c,user
k6_bidder_5_2,pts_ddec6023f64bc10a5654d2a350248c8a34e3e351c748f96d5d72e55283dd4af2,user
k6_bidder_5_3,pts_315b87badfc66f6aea697563bcfad2267dd74a20af7e99bf03f5ca5fec44afb0,user
k6_bidder_5_4,pts_1d6395339759c91954b507f8b64d9fe0b4448730742dab4146c25ee1eb61e78f,user
k6_bidder_5_5,pts_b977c1308eccc727a00f2bdbaf59c656b3587780654aac4463660e53832cd9f5,user
k6_bidder_5_6,pts_84d7eb61f1156502e293598ff9030cebe7a530bf0593b902cadb829d31d81766,user
k6_bidder_60_0,pts_8372ca365c50738f7f9f280b405485c9ef04922073d402de519c718908360bc9,user
k6_bidder_60_1,pts_0b97b6a2efc852d060644e3b5ae4442cf1b3e5ae761bf0b8bd83b3133eeabaff,user
k6_bidder_60_2,pts_5f2fe864cac25ff1ffcef92c2ea67b94cbcb6b7b32138c500c7c274a7c3a176e,user
k6_bidder_60_3,pts_e38fa8f0062a686bea2a2df177976763d5a95173c520f948fd1f73ade1e94333,user
k6_bidder_60_4,pts_cfe45a7c8a6f7aada6b74d02ca160356c29ccdbc03d235dfaf8d331921651e09,user
k6_bidder_60_5,pts_99c0749cde1157bd6416001f98301dfb07669e0baa5acd0c9acda2c3e079319e,user
k6_bidder_60_6,pts_dab94246529ae055c64423988a071553d26c195afa9c02239bb1cec9033aec61,user
k6_bidder_61_0,pts_b7f56932458c23a4469be1901782ce3b67f7be318fcbd62a11fa4773554b3609,user
k6_bidder_61_1,pts_b17048b436f5dbce71be839c285f10e287fd0e8a25759b39538316532da8008c,user
k6_bidder_61_2,pts_f6cbbaba6040bc323108ab91941607acd7fe187421f655c3c0be2fcea7be4bd2,user
k6_bidder_61_3,pts_a739bd06574d81086ba5c21fdcaf862264b262c78df65036ffa439fb9b5c4b51,user
k6_bidder_61_4,pts_08e23f8659320e69eb4e07ccb4f1249a886369d62e615088fc286b58caa358b9,user
k6_bidder_61_5,pts_360cffcad2ee9a5e514fc452787579a8a9cd20b9a6106ee9a120cd2186fd160a,user
k6_bidder_61_6,pts_9edea2c6433e626571562a58da79d43e0527d1625db862fcdb2f688f35b23426,user
k6_bidder_62_0,pts_6db05d6aa40f91e90986e9732c2ecbef656d414356567a5be5df88d1f24310ee,user
k6_bidder_62_1,pts_f0abaa3ffe06f2b9141a3c2b0b3a845e36ed2afcbe8e5e1f14cfdbed6eb7f5b1,user
k6_bidder_62_2,pts_b2e27a4e4076947388501019a4cf2848eb75582ec2bfd7eab0b72039cd33e6c1,user
k6_bidder_62_3,pts_83f84c20d7a90718089dc903aaa9e8036deb1b04a3562c312eae89034d31ac09,user
k6_bidder_62_4,pts_c1cfba30d327a756f6c4c468b1ffba8b3dca8b05b2aef92d5b0280dbc65c5f19,user
k6_bidder_62_5,pts_bffdb9b55d78ed8272228ecc10f129d3c001fda739118e3f27d8b49b4af15508,user
k6_bidder_62_6,pts_dac37f98c604ed69469ed57a8a6a082d86d0c7e4506f1af71a8c0d2cdfe0feda,user
k6_bidder_63_0,pts_30663313b6e98aed7b2fc1b10e7e5924e55eaecac66bf9c65aa557159ed5dd37,user
k6_bidder_63_1,pts_6201456f5b80ed6edde22ac5a4125919e7345b6956773bd159c54c87499aa821,user
k6_bidder_63_2,pts_fe4995a3385ec60f8eee59fdcbb620a1ac565f9d8167f1a5260d290ed029fe51,user
k6_bidder_63_3,pts_e46a5d86e18187f149049ff56fef8b358dc9fa04273766df85aa6171d7d5d82f,user
k6_bidder_63_4,pts_12be5c1cb7f51ae88e9b50ac57321eb0def4a9d4ba4e77c30c183c553c4af6dd,user
k6_bidder_63_5,pts_8d8077e17f91fcd4e8503a7c5612cc00a40dc52a431236c79e79470d174a2db2,user
k6_bidder_63_6,pts_fdbaaffed5c8d4d90b943977e8ec7f54b756b2603a7876099351f13b8c66642a,user
k6_bidder_64_0,pts_ff72effd80e4ea14bfb963a3ba01960f31e1e49402cf0f904422fb6a45667cfc,user
k6_bidder_64_1,pts_a743f5ae04c5441dea9edb65a6de16ee349c1efe2fb6b323ef26e5f8689ed7e9,user
k6_bidder_64_2,pts_5c5c4d7f9264ec130bc0d285461ce50816ec1bd5770aeb0cd66e8e68daf37b7d,user
k6_bidder_64_3,pts_b7d0e55e1fed8d6d9999299132a32a8989ed736b8705ca2090aead7a08a64a9a,user
k6_bidder_64_4,pts_9944e573d024906bdae4f4599001a372a4421153c50016f4b31f224493dd993f,user
k6_bidder_64_5,pts_caee37b17fad1cc2944b4dc9be71b668235d68d9aabec4399d29a0be2caa7c4b,user
k6_bidder_64_6,pts_f7f919c28ebf7997ed7ce0f70d953276049125a98a751372df7ebbdd864f413c,user
k6_bidder_65_0,pts_200c697f8b638b58ee68cfc4c09c18804faf26ff5bdb8a4681af63eff006c735,user
k6_bidder_65_1,pts_6c2df7f44617cd4912091bcaab793f17905e50ed92eab1b113f63637a4ef0855,user
k6_bidder_65_2,pts_5e95489118431d66726860d04859caca626f9d13a5e44db4625092711492fab7,user
k6_bidder_65_3,pts_487eee8d201e8985f6bb802fcb6998504dda81539a7eeef3eab2e5cce1cbd09c,user
k6_bidder_65_4,pts_11ac9c4385cf4a527b4beeb0bce80bfae7565d902d99d690feed9ea73742230d,user
k6_bidder_65_5,pts_569e59f5db0a921de89f78d933869116a2e6c19810ec0d51d2f18a0035fe564e,user
k6_bidder_65_6,pts_d3147daab8f951829d6f0da4ab84d3a9baefba4ffc8f4355015fd50d6c957eda,user
k6_bidder_66_0,pts_e5a6efeb4b9841ad24285297ab54266f199c980b42c4154d23fb851895f8796c,user
k6_bidder_66_1,pts_70564a3e57788967314b5c06c9aff28e495db4743496cad814fe39b1ead06c45,user
k6_bidder_66_2,pts_8cb8362c1a12c7b80393e5fa73902917cf2c446d13fe02482026137ba305c9b9,user
k6_bidder_66_3,pts_27727f443283134a16fc633cda030b8d8e58fc6f9e4c62d587a8fbb3b8269a78,user
k6_bidder_66_4,pts_e8705fc92eb18367e06572e98c7d584faf87b3ec83e67df3093bf5a9442752f6,user
k6_bidder_66_5,pts_b03641c95e03024dd308af457d1ce06701476ca35e6bae88bab2a9e7c7ffc22d,user
k6_bidder_66_6,pts_b2f43cb2761a02f3396920662d482b2e794c0309e3078fa17de7102bdedf3ecc,user
k6_bidder_67_0,pts_6bd5b1affa738dc029311f01789bfa177344432c4e231229aa1720da1b43e515,user
k6_bidder_67_1,pts_0c2a301a870eb3fa410557cac23bdf3651cd9447e8ce1b3849b5e86806e503ea,user
k6_bidder_67_2,pts_41f0be1329bb5331cf36e2f2e993209e00887c3cb17e5c4760b89215191b570c,user
k6_bidder_67_3,pts_9edcc89b601a15f34176ea86575566cf63f43199a1ad1dba37433a3ee07052c1,user
k6_bidder_67_4,pts_a997ccb896e5dc25ef952be63484dfa5a723b5f23d949d74799874761d9811a1,user
k6_bidder_67_5,pts_c4c2d6d0a46c7a46533dc3839a9c2af18d1acaae220bbc3e00685714195ffc1c,user
k6_bidder_67_6,pts_4d30ee76869fe9440bc6d8c91673a8b804461488d59f3dd1e0a3703852ed4492,user
k6_bidder_68_0,pts_e07893628d4aaf43c4ab92a630b5dff9e09c4e8c9200f84e2fa25b38440e325d,user
k6_bidder_68_1,pts_ec5afdcf0e0eb0b8733c8b249e71c53e6fa675a23f4efc2686a559754a4ed7e1,user
k6_bidder_68_2,pts_40f161ee2f1fbb635329dbe87c1cb75590167f6ba7acf4746291efbf2079f837,user
k6_bidder_68_3,pts_c331a82801a4c4be3cccf7ee095446ac7e08b2cd88b206442997663d1af653b9,user
k6_bidder_68_4,pts_bf7c8b248fcc67af57757990a49010f29dfc67d772ce3fe24acf8d44524cbe51,user
k6_bidder_68_5,pts_3aad45ac9e8b28aeec0940f664dfe479b23336a983ea273ddce56a966368fbc3,user
k6_bidder_68_6,pts_67783a335e55c43a418e8a2ec63a382ff2e9fbfaa3744014194bf4a8449bc486,user
k6_bidder_69_0,pts_1473dc30fd11a5567b0766540b15c6a0e181ab0a71f171d80994e937ac48d0a8,user
k6_bidder_69_1,pts_59d29f741fe72a116b4625b93b02bd9c8c31c8718f6c63c5de755062ebdefd2f,user
k6_bidder_69_2,pts_08898eb938b2f9c4631e59751f671862f7964ec38797e4894f9989cc990e31e4,user
k6_bidder_69_3,pts_7546675f3766002c49db0002a66f4099301056922e775d6cbc5897add5b95b65,user
k6_bidder_69_4,pts_78870d87e21960c47d0d5c9477fd388991ef70df49fc1f3910afefca17b04ff3,user
k6_bidder_69_5,pts_0b4a16d577578bfae09008a6f81bc47ac7886399f1f969367d21a3de256ce4ee,user
k6_bidder_69_6,pts_4d1ce05a4e9aaf73f4ba49b92c359a33aa294e8cb318be89c9815b14f1b57386,user
k6_bidder_6_0,pts_3c11c41b9ea42202f317d3b49d0e48eba8f0a6eb73e301a6e6712ea40d17d9f6,user
k6_bidder_6_1,pts_f1a88dc3dfe04a1ec03a53dcc2651dab723dc5e2492f10b6acbb55e80eaaaa72,user
k6_bidder_6_2,pts_c96fffc47d2f8cdeb468ec06bbb136430d50143cec24ebbd8ff13b980fdae75f,user
k6_bidder_6_3,pts_f034b7e4c6472ae344104b0a58e05609a8f1726f411db6e1a170efbc29173307,user
k6_bidder_6_4,pts_454e1073597779db7879e1c514d16ab3ad4d3899499ac3d976b6cb730de0202e,user
k6_bidder_6_5,pts_3eb3321df17123d4da7613e8a2fe430736cf65f556d1fb034e554e955a2012fd,user
k6_bidder_6_6,pts_57e91ee100ec4d0c1fb965fc91f2a511f49d10c476f9aa0cab114568fec3536c,user
k6_bidder_70_0,pts_ba89a43ca83e6c2a371550e8b86c0f2d23f490a12ed09ca8dedbb408a181a607,user
k6_bidder_70_1,pts_077dff36a213f935da0fe6ef64485308d0970335894587c8189c316a0f3daf55,user
k6_bidder_70_2,pts_052bc22580f8d0be0badcb414e7f911eb661b9f2e0519659b198087fd3fcca09,user
k6_bidder_70_3,pts_c591c434f054f60558c2b91f7360c87abf7e242a3c4a867e43ccfceb180d0bce,user
k6_bidder_70_4,pts_a121ad213100065419ca3c4c7591549ca168a47b4b0c729b0af4a701d1484b10,user
k6_bidder_70_5,pts_d246f12ea41f7ed0ec9c1ebb6622edba38a8448f9c9aae73b3bf7b41d4608793,user
k6_bidder_70_6,pts_012c9263b50321cd79b98249ccc20c5569925bdb5d476686434b4714f8218e36,user
k6_bidder_71_0,pts_ecb1d5f27ab901a5f60bf5357c184ebda17d73c599b9ec0aa548e5f5393cdd64,user
k6_bidder_71_1,pts_38f6f282460f174a89181c89925b6258c4c7ba431ec3a5ab2e4943d869d07cec,user
k6_bidder_71_2,pts_c037f8a0fbc6566e3a0c5c2e2b8685719acfee3b9ea6ea41c0cc56741f25f7d9,user
k6_bidder_71_3,pts_4fdf596dc6fd11e957799532f53b17d2b3e7cb14842a8a0aa770c0a5f16fe27d,user
k6_bidder_71_4,pts_857be3dafa766d4f408074d4f99534a96d150462a674354f00aa9fc56bfcc067,user
k6_bidder_71_5,pts_923f5f5541d534d6ffba8d7e5c9a0f2ce0322deede1a5a0571d3dc4609de3b54,user
k6_bidder_71_6,pts_448e472c9b9898a6feb1a440bcfc3da2418ba1c1e246ccb4c6b76617e187db62,user
k6_bidder_72_0,pts_a57480a6a03574faaaaff749745b9632bc295ce2a40506cf1da0ff2c26b0133d,user
k6_bidder_72_1,pts_b144a71e171f71f9ddd2680f41086de49f40db4fbf4b6551085e32475d3de2d5,user
k6_bidder_72_2,pts_6412fb6b0463245ccbad1f23b2e0b5c547f0b97dff790e85a5d460295869fb6c,user
k6_bidder_72_3,pts_9e272c05b8e51fa78e2b286f2f583d058d1cbd4723b6874d28b1e31434c50237,user
k6_bidder_72_4,pts_91a8f3799b1235ad1a8c1f1215b02470761b464848531da00c2c708cc36f2983,user
k6_bidder_72_5,pts_f462ad452e930a83c8f78428fe9188b1b69d3f2eaba1d0a5f889912a0b05ae6b,user
k6_bidder_72_6,pts_95e51eab4be3011b1d01ab4d20ca3cf2769cbd96488d137b8928e66f85526b20,user
k6_bidder_73_0,pts_0a192a99f6d69d372f16443bf61a16ce921f2603783aa93fea187538a268ade0,user
k6_bidder_73_1,pts_1a305fc26618cc6b673fc657c770b83aad3013a6e59131f16aa5fbd590985d7a,user
k6_bidder_73_2,pts_2bda8657f3cb745cbcd2c35c8151fb7d747df8a31f5edc1b55658bd6e5ef670c,user
k6_bidder_73_3,pts_3243eae997dcce38d7c3d85b08bd4ad4cdd6c3d924b70d046b19a4a697a5c7ad,user
k6_bidder_73_4,pts_2ebf08a6ee3aff89a49ad8e4ea0578ca078e8474bd44556a38168dbf3d0daed6,user
k6_bidder_73_5,pts_1101fae02cf7f653863b6301b357fe8a4ab60c9d1f973e916b6cace367ba2288,user
k6_bidder_73_6,pts_be2f3aa9db9b790e60d0a0f41fe9ae6e121fa9653dc46a8fd4a244e7376c0abb,user
k6_bidder_74_0,pts_894e7827d7692b70b60a88b80a2dcf2f980d5309e655dceadcb9079fcf8893f4,user
k6_bidder_74_1,pts_b4080a735a9b3fd0696e072763ce8469c75b8ff446dc3768f26ad2fba629db7e,user
k6_bidder_74_2,pts_acf992eedfef107caac1a65600ae7a61061353fd8e8c75d76a76acf08dbab025,user
k6_bidder_74_3,pts_81a18df0baefe5f5f0d49f3c02f069aa431f0d653f11aa9ab9938fcd69b0310d,user
k6_bidder_74_4,pts_9b3c8866a9c415862e541e99e342d31e9219449ceee01c8c06cf58fd3981d178,user
k6_bidder_74_5,pts_1c7298d9bb132773aec2f4c97700bffe9f95f5f1b2e59558a49a7a5960aa3e6b,user
k6_bidder_74_6,pts_b1e0091cb3838e8475c80d0ba1405b5060abd971bb6f61a2d94f999344dc83fc,user
k6_bidder_75_0,pts_1451674e17eb2d11d542f2d864818e7f7168abe91fcaaa89c1fe8ac92ed4f94e,user
k6_bidder_75_1,pts_ac1b7477c671be16071bcafa08749f9e6092f4bee0454f8146d6bb1245188f76,user
k6_bidder_75_2,pts_a50b936f89c2640bd746e2d68f5a14fdfe90a0a340be4bfd52145bb5934f0751,user
k6_bidder_75_3,pts_e70137dbfe5f4fae9a9f81ed11969621edb924914cefd1aec36f7692dadc34f2,user
k6_bidder_75_4,pts_77c5b253f9ecf0004a7b3ce2cb39e02a5358a81d6df895144d72ee4eaf26f555,user
k6_bidder_75_5,pts_1653a6b31514aadcbc08b43c0f12ebe21d1b7f675160fad8251789ee661d8998,user
k6_bidder_75_6,pts_bc2bb155a81346c9ad3a6569561cfe1247f50365595fd32225c147a54fcbbbc4,user
k6_bidder_76_0,pts_c4f965193c52c12d4a0dcfc6b79560be1a041347767e53f10cebffa56757a56d,user
k6_bidder_76_1,pts_c575622ca762f6b6ec88b98f434332e98af6f3825da51e3f7099422b7fcac028,user
k6_bidder_76_2,pts_f3803e85f74a51577e63eed5317b80cfb04bb8fe96bbdb9f06f33847c4d9ffc4,user
k6_bidder_76_3,pts_48501a130ab5099fa92b4cafa64fdda3aa6b9a48b1c9b77b4f4f3fc4c1140bfb,user
k6_bidder_76_4,pts_11029a3c8430047797388cf4888bc12577e453a1fbf7bf6c7659e25f21787b0b,user
k6_bidder_76_5,pts_03b5004ae974b02d4d8a1cb6c3b85bfba971f518332becbf0618c35d44e377cb,user
k6_bidder_76_6,pts_5f9b38dcba2a4c371b8bd35d3ce136fe69428e59a3fe8df69315911cbb5c5eef,user
k6_bidder_77_0,pts_f472d6ac8285f1c98afc3636d7f0c1ab242ee12dc246c57cba128bf61b371889,user
k6_bidder_77_1,pts_9ea831c5b11b841b3f8475c01477702c7bba0f792994412f7a38a96e1df8b3f5,user
k6_bidder_77_2,pts_0658992761cfa6ef318eaf94cfc595c38dc1accdbd39ce4f039964844a1d8994,user
k6_bidder_77_3,pts_94005012869af2801a5dd81b6fc2316ef13295a5d0826c7b81844c62c3a6b230,user
k6_bidder_77_4,pts_7fb17a7581cb1e452a9b914c4e869a21c8ec99dd58b2bf419de19457dd029ba7,user
k6_bidder_77_5,pts_ecfb4b4a5e6bb486b43e48c27a7e739b90551acf80839c3a2853a5826c71e05b,user
k6_bidder_77_6,pts_22e124741a6c04abfdedc1fc67771ee8801c96c0b581122122bf53f5bc442af3,user
k6_bidder_78_0,pts_547b4684a2dd71f6a311f32d64b1bdcce62bc48daa3d95bf7c1bd49b32f5529a,user
k6_bidder_78_1,pts_ee021b3ad4825b21b9794d408273b16217e49116c77ed0db3a247366f2e8aef8,user
k6_bidder_78_2,pts_f7f6003aa54efdaba5d8195275c95df6d4ddf13bfb5c13fca1e7d4f4a3aad18f,user
k6_bidder_78_3,pts_9adad02b6e21644d6a71e79b807ece2dd4508588722e9aae1c3b9491dbe4b344,user
k6_bidder_78_4,pts_45f51bd0c89e086b6b996e704c3b0520bc5267acb91384adc410246a330e96eb,user
k6_bidder_78_5,pts_843bf9d60d711519fb3da4fe2a225cf37b7582240107ea645aa67635156735db,user
k6_bidder_78_6,pts_e5d1928e250d2dab545ecd8fe6efd007f4c89911e6dbbe81fb7f48fc09d92136,user
k6_bidder_79_0,pts_2cfbc86b73a83a43fc391062f3f04b1ae8b3e85e700aa59c2a5cf25ca2db65fe,user
k6_bidder_79_1,pts_9427fa3b9764b6f4ea6145cb81c40fabff0e161618cbcfc2f3f6a5cd16e866ef,user
k6_bidder_79_2,pts_05cd4e6279133def7103b85cd5cc5bca795c348fa812e172d281cdb16beb1382,user
k6_bidder_79_3,pts_75abbfb3b86545637ea8df16069166be3848392912abb47f809708ef955e7e7a,user
k6_bidder_79_4,pts_ff35343a7bcc588ac79d8b100e858ce8b582d12c107e691cda6f0b10e7b77d14,user
k6_bidder_79_5,pts_02226ab4801340e8f87dfc5a9da6f80a67b7b2eb0830f26748a328d20522454f,user
k6_bidder_79_6,pts_c5e2f959944498c7e3258b3d1a0b13a61499cf4b590d1b9652486cff10e9960e,user
k6_bidder_7_0,pts_83a69cd06b4a9fb42de21ca73436cb720b8ab708e1c335d93222c371bb1af56f,user
k6_bidder_7_1,pts_5734b0e1006f0671730932d93d7a1547364a232d9080a0cd965fcb2440888721,user
k6_bidder_7_2,pts_b82abdd9b1fef504fc19e5ad720e6d1c554e4fc11e8042af2e181aedd33fd861,user
k6_bidder_7_3,pts_9c4e24aa8d87ce6b96d2d281a38b8f662f634157c02e2779a645deebe8672c3e,user
k6_bidder_7_4,pts_f29bb613f1212c288084f29a4045d28f2d4a4879ef71a3369f704376157363bd,user
k6_bidder_7_5,pts_bb582201d75a4d762b7b2d7e3f96b020800029ec12fda44d852f704618394d59,user
k6_bidder_7_6,pts_cd8764a05282411815db887571c83f28ab4c7a99f25e36447e961df25e84a782,user
k6_bidder_80_0,pts_e6d037418c4af602d399d7afacd3e2b1d2dc67f051d27c352f1d0bbcbf4170e3,user
k6_bidder_80_1,pts_371706a6743f9d32a84910e5094819c3fadfdbc827bd9049f88290ad4703803f,user
k6_bidder_80_2,pts_8cb198624b7b53cb3091ee4761a3f83dd849d0203ad518ff289c59e7afe8508d,user
k6_bidder_80_3,pts_f6aca799fd38a86c7a674c81ed5d66f37fa85f6663254e5a14830ef70f2a83f8,user
k6_bidder_80_4,pts_7cded40227910b9def9ac6458f944410430a6135cc4d0aa96008abf447aa7651,user
k6_bidder_80_5,pts_6e4d03969a9d3b7e3ac35d24a5955bc5740dc3cc5f4b9dce8d7e386610db6896,user
k6_bidder_80_6,pts_3d1bda6a9a2796e7901bb89ebc1204fa5b0376339c1a8741c9b49f720c141fe6,user
k6_bidder_81_0,pts_61660fcffc7722be6b61aa937b37660cb7b75fc878aee759cd91abaf84704a44,user
k6_bidder_81_1,pts_6a1449a1b9b36241f2978571b6d8dcdcc81001bc8696fbc6d72850f030dbfa5a,user
k6_bidder_81_2,pts_292fa8df6d5c23d684ed063bf594cfb16747d3a3dc6bb6fe97518b337de03014,user
k6_bidder_81_3,pts_a72b6aa8d3e46c6430062eb1d06904bc5820e09d9288bc0527ecab872c96297d,user
k6_bidder_81_4,pts_32704e381edc4abbd1d35ab3acf271e82f328d1cc5004480a82d050202b8aa13,user
k6_bidder_81_5,pts_2482885546662f68316a9119b292c8cab20187e91596c599028fb5a3434656a0,user
k6_bidder_81_6,pts_aa52de1f82dae8bbd1fadb0fb7d7fda3e3301fed21d9753ea37a7e27e6dc2054,user
k6_bidder_82_0,pts_f09df3a747d474a9958afa0595db214a7888440ba0c6c589237a55d063093c55,user
k6_bidder_82_1,pts_3f50ec4896e121150ef9442ae18aaa701782190b84ca76aa1c94c5960c78de7e,user
k6_bidder_82_2,pts_b267d771f9c92ad8692d0bf2a8d1e7e34be19d3c1a9e03eaf051db1c40f1ca32,user
k6_bidder_82_3,pts_80383869c3c2c629f6a315a8bb949dfd7afb6020716271bd51f681a5af198331,user
k6_bidder_82_4,pts_214e5da934e2c1d3e38a9e9196c37bde52fdbdaec5f56366022b38eea0f9d457,user
k6_bidder_82_5,pts_58a67aad2e92b0ba0e290bf663dfc2104b716584a95633ba3619ebd1bafed980,user
k6_bidder_82_6,pts_eabd99e0e71018f41834e2cdfa65e0d09cf7e39eaa884cd214f9b771dbfc4df1,user
k6_bidder_83_0,pts_682bd7067894161d599b5eb4946e076a9245a31403142897c431a8036f7f46f9,user
k6_bidder_83_1,pts_1dc2ae6c69d8057723fd48e7494dd28e0c611b6e69ad9fe56c80438f63d6514c,user
k6_bidder_83_2,pts_cabd3369d0084bc0562b2b61c7b0ef0c2eadb696b9b90192b72bc6263f8298eb,user
k6_bidder_83_3,pts_08eba1e3ff113640c9fc0e45eea1e1f7d069e0db83f4cbee4de6a3c72661d930,user
k6_bidder_83_4,pts_bb7df293f24e25e5cf218b624c15f363c889c65edd1b4e21051b95e71f6014cb,user
k6_bidder_83_5,pts_b15e47b3301bea60836a79da77b1fb7cba1fb19970a46cbc26c3a4c207d45ac7,user
k6_bidder_83_6,pts_f08ebdb486bb1735b686fca9a5b7e71fef6c6b5e832ac01b2eb40ad48f1c0738,user
k6_bidder_84_0,pts_35d2e2eed8c92657beefaca7ef09184165a60ce5a5b2905c3d26282b28ca574c,user
k6_bidder_84_1,pts_93a012a6238545cfe210874cb4b3d6ca11c27159e5b234f73002cabe2c5e57d2,user
k6_bidder_84_2,pts_b9d4eb8190245d61dd2eb6f5fa7898ae4d8dfb3ca9a9d623b7471239f5bcf87f,user
k6_bidder_84_3,pts_710168f2666f49ff8fd85d73045dbf3d066bf7c4e06a249b66df6fdd5bb4eaff,user
k6_bidder_84_4,pts_ce3c7e925909998b1e1c5d5a128e15a6c2de036c2965a9041391acb51ed13cd1,user
k6_bidder_84_5,pts_896429aefda9e8d408dc8071a04fd050847e2ad80fa0ab367eefe09309879baa,user
k6_bidder_84_6,pts_73c933d9ab9d1b0b1719cea5e1e2287bc40f6346c55874e9b06abe1f7e7e2350,user
k6_bidder_85_0,pts_593c4412e1e6c84d2a230729e93f27f6740672d4c2183a3e245a9fe1e5110ba2,user
k6_bidder_85_1,pts_35a7507407acd1e36096fa3d0940df76a6f18a7bae7482d5d2df4f38e6ede881,user
k6_bidder_85_2,pts_f8192de2be026d901f10bfc548642cfd04f4c3de69383dcbb50e4c9a45ca9e6b,user
k6_bidder_85_3,pts_c62f64b2cd613bb22f52682faa3662909ef5bb9daa3007e980593448770c9a60,user
k6_bidder_85_4,pts_ce57a68f4e334fe3d9cef3ea370b9cbc6e061382905c42837d2936c5aceae344,user
k6_bidder_85_5,pts_fa167c77a21139a94409faf68dc1235f47e100be053b47b5c3e84f12c20f6751,user
k6_bidder_85_6,pts_3529b7816bfeddd3420444847df3d17e7fdce4a0442d93d78a6dde95e20d4531,user
k6_bidder_86_0,pts_172a5cf4fed39bca629d20aad4ba8c3bdeb1a4e43dc6d47a0ceb5202045aeb57,user
k6_bidder_86_1,pts_8646831420a9f3a6cdfe0894417620767bb83d1422b0861cd36722bb6338e7af,user
k6_bidder_86_2,pts_22a0f5f533e44262bc4bb2a6227e2094ca21fd0429716a32ac8b21133f4cbaac,user
k6_bidder_86_3,pts_26e51ff9e7cf7e6a7802acd481edc19f0c63abd7234a2b8ebe424317742e2b0f,user
k6_bidder_86_4,pts_058163d4bc0da8ba21abd36487d9162a3ae94bf2ed27fb44850ce3318100e6dc,user
k6_bidder_86_5,pts_eb5d6dc2ac04c206aa254c103fd37831b3a8f9ab81f8f560efc2e92cc05a3063,user
k6_bidder_86_6,pts_125ce3f2a0e03cb13b637bc119549aa75f5850efe72814516e53461e074f4b63,user
k6_bidder_87_0,pts_f100b6cf3a34279e4f24e1b06aeb4bdb4fe594cff6768882991c8497bfc82bcc,user
k6_bidder_87_1,pts_074a3fc391afac745a20f710a15899834b736f3dfc3dce97a79576ae38e2284d,user
k6_bidder_87_2,pts_655827199b05f6863a8135131503281a9d9c984f9d5188c9b229a9f4452b0157,user
k6_bidder_87_3,pts_6ac0ae4b60c748518f22d7a88b27ad33b5319f4389bd43b0c408f9b21fd486cf,user
k6_bidder_87_4,pts_563855c6838603379d90eea479ebaacbe7234fb8acb20ad2bf11e02544d07d70,user
k6_bidder_87_5,pts_7bfd73bb27e790ffff9960fc2e9848b9d9d2f42dd097a554ba1c54d07743d19f,user
k6_bidder_87_6,pts_1c2003baca36b3f08a67e65bd8b36f2aa28b7d42f8f7b1e724e8e40b1131c7ab,user
k6_bidder_88_0,pts_a3a2dae55957f7945b7d442b00a4ea9067c6ed18dcd298acfcf1676bd7cf11ca,user
k6_bidder_88_1,pts_973d3fc2a7b25033d77e8877afbc55e9d8d53b9988749f1e7430c447aa8aff97,user
k6_bidder_88_2,pts_d9041a95652b1949f79be3edd9e7c642090c9cbf261b780052121e3ba4fb9ed1,user
k6_bidder_88_3,pts_80eec52db3c84bf129bbce63ef2ae90c1290458e84d0b387baed98f8fb26eaff,user
k6_bidder_88_4,pts_686d3b1c13f36ce5c1933a3f9eea267d0e7b2c883e66b5b2e535b19344b63cc6,user
k6_bidder_88_5,pts_80487c1c18d8760b9d9345609e51aa707a9722f916db996d236dfae5a87e372e,user
k6_bidder_88_6,pts_a961d04bdb89712dd996c440f7b6ddf83a54393a7ffcb1e9d929886f872dab1a,user
k6_bidder_89_0,pts_dbf8270033b55a6b3cda09f6936d2623aec9ceeb357902b676aab37ec7652708,user
k6_bidder_89_1,pts_6d4d3d1f315bc8571a241171a0d5556a3ab60c44ce9bd79519ae337c2d11a155,user
k6_bidder_89_2,pts_34668855cd65c0e3fb9bda67733b7ee0a9e4bbc8a18e957d3b6258218eba52bc,user
k6_bidder_89_3,pts_9583c436db7ebe730791964a7574326047cca8fc0fe669708c33c96b63b31af2,user
k6_bidder_89_4,pts_235528c1eda043cc339f889fb623e39d1913a31983926dfdfe343be2eb04036d,user
k6_bidder_89_5,pts_f8920085542ca8d9ebd30ef4a03350f009b4ce18e8ba3188fe7abebb8fafc56c,user
k6_bidder_89_6,pts_beff127459befb8bc2f78d8ff6779eec9a7ed8172c9c5539a154924ff955e8b6,user
k6_bidder_8_0,pts_c73a41311cca0caf6cb58c2f0d348a6e2991a6205a2b2d1b79b7c578cf80a29f,user
k6_bidder_8_1,pts_95b967ddc998c2dcacb224fae14eef2f17d4036c0625f1235e5b31ddc6d190a2,user
k6_bidder_8_2,pts_14bfb80954c544e21c20f19811f7a5b2c4b227e5c144317fdc32ad901b357410,user
k6_bidder_8_3,pts_93e248cbb8f015f4e91aeb59de0416345fce64e20553fdc69d530f75c060cde0,user
k6_bidder_8_4,pts_eaf822f87905b78fe6bf805d34414b41144c7742673f6f0b5783a9090559bce1,user
k6_bidder_8_5,pts_e8587a117e278efc5ed7549eeb13b4a726228a93c97b217169d01be47b6729f8,user
k6_bidder_8_6,pts_787585a34b033400359dc6ea1f3a95bb6209824faef1291c9fa87906db95745f,user
k6_bidder_90_0,pts_4f111c108fcb92a2333465555fb0fd144d19f601b81f145f33e42ea3065a2539,user
k6_bidder_90_1,pts_97c7999a90318089e7429074f409716ab70ce138284e94f0f38b4a2f636de970,user
k6_bidder_90_2,pts_3e111240d2b9c8d7bee5ac2e18939b6b07da9259149b699e45234e7ae7a1a379,user
k6_bidder_90_3,pts_fb46ce783f7be8eaf3de005bf89abe9f37fbed4fd6963b1014a822149e231abc,user
k6_bidder_90_4,pts_52451170a822acf577423d874c6fac4c5219caf9a4e3e4efc27401aad20c9d3a,user
k6_bidder_90_5,pts_6fb0f06e526851297d99ec8184fb9e6cf8725b5bae4a6c0fda85d195a783b474,user
k6_bidder_90_6,pts_9286f05fecf8a797b03f74ef2fbe9160f78cbbd78d33ff131a140d33e3eec5f1,user
k6_bidder_91_0,pts_8694f5ff554e3fb43e803d2a4f5a27fc0812514b71f63baf9a90a6b7f93997b6,user
k6_bidder_91_1,pts_a2f421637197fac931cf16c0f3b2b2a5d2ca7e20ee37650ac340436680bc4e2b,user
k6_bidder_91_2,pts_6c18424a72d7679728c52671bccdb7864f2e681d5d29e8bf658535db0783909b,user
k6_bidder_91_3,pts_5f290c8332150c61156beec121865772b54d4d1f9916d21908c55734e573b548,user
k6_bidder_91_4,pts_19d62d133d89674cbfc3811af787d3d17e2256db32a9ab714ba2b1ddb1943b44,user
k6_bidder_91_5,pts_2e8596944c8af1fe77348543e00045465c4297c26fcb1d8f3b3cc8283f292b53,user
k6_bidder_91_6,pts_bc6f729d80597a2ec489c88fb1e41b00b76d66d713c3035de2a06362561ee364,user
k6_bidder_92_0,pts_d8373f5c53d7c7b8a6d8c052de954423faf9f1ac18cbf315cb3797fccd321f27,user
k6_bidder_92_1,pts_2f9341c675ee2393c31e176dd415cde19cd371e46122f1a55fa8b33e1915ffef,user
k6_bidder_92_2,pts_7cca1e5d39a5dffdcc152b9b8022db7fbec3ca62cf7c4dcf324819f561f00309,user
k6_bidder_92_3,pts_8939262a6d73e800f12f26824d4790a756bcb57f2dbdcebf37568e4a744a9bc5,user
k6_bidder_92_4,pts_150457da7a369cdd2268f30d56b6cbb0fa9c739efb8fcbad22dafe84e49873f8,user
k6_bidder_92_5,pts_a5c420bfd53d6f793b278b8fca895804cc43f29ad4f627014ac1fa1f8efe7b12,user
k6_bidder_92_6,pts_3e6945db95628e697937fef5b893db015157c026a242dc73ca3c8aaa546164a7,user
k6_bidder_93_0,pts_3cf5eb8bcdc8f1ff092e8943b8d62c4cfd945ec427f84fe88b3a95851b2e7dae,user
k6_bidder_93_1,pts_d80df067f3747f3c26a2e9b1138300c4f5bead1fae26b549dfc74e69d012220e,user
k6_bidder_93_2,pts_32da49706f638ce7096234e1b9afe74ac325e1b181cef565c9465c69f521fa6e,user
k6_bidder_93_3,pts_11a49fb0774fad20ee1fef304cc3a563908ec36bffb1e6833b9b331d16c1157f,user
k6_bidder_93_4,pts_1d1adfb1973d032adf4e0107b582720210cdb8bd8317972f362d512bc2a444c8,user
k6_bidder_93_5,pts_bf26d3e0a2494ee88406f311172a27f771b81b9f385e4b1243af473fd136c2cb,user
k6_bidder_93_6,pts_69ed60bb176e6956759336151597760ecb174d3a2db2e6a5daf9fe711d98e7ae,user
k6_bidder_94_0,pts_a1b6a3f74d8af4814b98cd7f8d74d1108db19590bcf0133cc1ba054e66badd27,user
k6_bidder_94_1,pts_f6646a4c078fa47a1299dfe28ca6a7b895aba01d1503fb081972f0f61b5ae0ff,user
k6_bidder_94_2,pts_37da7c5fa659bfc2b15734ed7ae0c0652e93df6b5fd7513c1a4f8f3c373ece4b,user
k6_bidder_94_3,pts_622af42958369d6d46fc2608a4c8d7f91adcd8ba3d35ee6f56a002091377816d,user
k6_bidder_94_4,pts_2f2e126611e475ca8a15af333965f229c3235fa3047d66bca8bd8ace3b0eb4a7,user
k6_bidder_94_5,pts_d0addf497612684e8f55acde489667c51841cba87d4cf0a9287d1e2edac94528,user
k6_bidder_94_6,pts_67557f2193fb7b188774178aea122cafe18cef4fef4b4f1b10cc8ff9f50d9318,user
k6_bidder_95_0,pts_c9f8805cb0660fd5f34428d200d956883ddc5500d3fabdedec4dda38d53b469c,user
k6_bidder_95_1,pts_58397dd4a47c112481971a1904028cb287f162d90fe964929afecc6e06f67ca3,user
k6_bidder_95_2,pts_c267c8d379380e56efdd6a20d6517cf45556bafec70e4e054132c59641a30025,user
k6_bidder_95_3,pts_ccbe5caa1803fcfe6dd0321f179b1638ec3bba05a26e1e57f2c3cbf4eeff8f90,user
k6_bidder_95_4,pts_60df92d198c0572bc2fa0b996d846ff6090dc8dea5579486b07c624c8c174795,user
k6_bidder_95_5,pts_68c65fa793f83646ce3478223a576dedbf21883058a51f625df6576d4a6503b0,user
k6_bidder_95_6,pts_93ad1007ce6e4fad9934c2f48afead8f5039e6ec5c04b5a7d33b5727b8242731,user
k6_bidder_96_0,pts_0849a01c26cc9543ea3b3745dcadbef2c1fea7a49d07047b38b1089ee5d72a2b,user
k6_bidder_96_1,pts_8f8ab12e31527c5b2f70fdb872412a1e751ad3305deae4eeaa6abe8ba0ddc541,user
k6_bidder_96_2,pts_1357f6f32b80ca5d9f577a416c10e4d64dabb7ac6f96a138b3f51bc1f40119a1,user
k6_bidder_96_3,pts_b7ef05a056e2c788ddb3349a7d6713c57e37bc8b37c172840a21a7da4a90be78,user
k6_bidder_96_4,pts_ded56df4c9b8945515dd5d4ff11d859520e1d777ada68505cca6dfee93866ea5,user
k6_bidder_96_5,pts_1cdc2e8bac48bf109cffd5245fcd6f533435ae8cc028f5a5b7da01e82606bb36,user
k6_bidder_96_6,pts_29354fe091a0650c633d47e511a61147e052d1348fbada054f1dd659eec16893,user
k6_bidder_97_0,pts_4fcd4d7e30a7918afe10470605583be9f33b68c34455aa4e3a666d19367a12b1,user
k6_bidder_97_1,pts_2f226652ad234889338c58a951829fba0e99c0a579ecb3659991fb715bde68a3,user
k6_bidder_97_2,pts_99ea43c671be521ccf7a3e4770484dec63579395b31dffec57d551efa4890a57,user
k6_bidder_97_3,pts_c10c258908322ba61410f1f40a5a01764dd5e177409fc6f43fae124257304e33,user
k6_bidder_97_4,pts_55c8df7c31a53eccb96a413fd5115da35d10ed77a59da4769fc8e5219ed37bd2,user
k6_bidder_97_5,pts_9153def9ca3a8da86884de0492d46f31118815216383d116d7529f2e59a9aed3,user
k6_bidder_97_6,pts_d356d3f349bebec94d1bf81b34861de25ee642af3e74f64e7c05f3997414cb59,user
k6_bidder_98_0,pts_78ad93bfa49f6bbf316ace8cae1ac92ce17a09bf45421a168c3f4a0148fb7fd3,user
k6_bidder_98_1,pts_abda2ace76856da1f5f5b909487330dd797abd9457a8d6c5e2427220cde114ad,user
k6_bidder_98_2,pts_12694cc807007787ea63c9275c08ae086a76304b78219217c6fdcae9463a1c62,user
k6_bidder_98_3,pts_6b862311baf1dd9daf23497d083830afda1daa639e5b7e1c96a73c5de01b9b76,user
k6_bidder_98_4,pts_968e7217400d51604eb672ebcba132a3d5fb44182fe03a2d45f869ff3a58f07f,user
k6_bidder_98_5,pts_451f5a80ca721d4f21b443a3100ddc104114e15b9f07974ebd39130f97123a51,user
k6_bidder_98_6,pts_3326a1b70738e5bbda6f6c0212256e72f4c03883c042e9180fb0d749ff39fd6f,user
k6_bidder_99_0,pts_9f45cb4e1a970b34aae31b603d393c496c401733b00714f3d7f2043aa08652f4,user
k6_bidder_99_1,pts_efe0c9a7cba17df009218193548caf2be0866bad7359de95349675b32d43ffdf,user
k6_bidder_99_2,pts_ca66f51a3e18c87b14f3b94035eabe345394c7488b50ba1df8f3f2bd0381270e,user
k6_bidder_99_3,pts_13148b8f076ef5111ed69e30a2db806d2bb0b5f5253290076a23f1f5b9762555,user
k6_bidder_99_4,pts_e23757cbdfb83995fcdf4d32c1f694598df63b868d5633d77033d8e86275625b,user
k6_bidder_99_5,pts_8055be0976f61f96d3d7dfcb342b63e081fc5cf84eb52295d98fd764cb4205db,user
k6_bidder_99_6,pts_3024d1eb728ab346ba3e30022de6313c7c88c0eca69c148fbe09328b12e06f59,user
k6_bidder_9_0,pts_744842517e7354013c9e8e5b19f2fe033b3ac9ce45b420e6c48c19c711bd643c,user
k6_bidder_9_1,pts_f6b2d7d2bf278386dcea0fe0c067045009a617e732b817a1f12fdd149b991cad,user
k6_bidder_9_2,pts_525e392ebc4227662a04bc1893f88d168afe494381842db0043ef49a5a7cb561,user
k6_bidder_9_3,pts_c30c79bb8089d659e5ddaca82a7ef07cfc49e17d42360f597174599d6ec79b43,user
k6_bidder_9_4,pts_a163b9cd6011ac0378123c0b48b040880819c9839d5f527da8fc23727551e12f,user
k6_bidder_9_5,pts_a8efaf63c4a9ea707113e920b71707c0ebdb43556fed57c3fa76216419857b6f,user
k6_bidder_9_6,pts_2f08f55fa9654717b00b00d56ea7234b618d100a25ba45cc35125a0fafb9fa54,user
